player_id,player_name,innings,runs,balls_faced,dot_balls,ones,twos,threes,fours,fives,sixes,dismissals,fifties,hundreds,batting_average,strike_rate,boundary_pct,dot_ball_pct,runs_from_boundaries_pct,strike_rate_death,strike_rate_middle,strike_rate_powerplay,current_team
ba607b88,V Kohli,275,9336,6926,2258,2982,502,21,845,1,317,231,68,9,40.41558441558441,134.79641928963326,16.77736066993936,32.60179035518337,56.57669237360754,188.38323353293413,125.79982389198709,129.54545454545453,Royal Challengers Bengaluru
740742ef,RG Sharma,275,7329,5514,2086,2156,278,8,661,1,324,246,49,2,29.79268292682927,132.91621327529924,17.863619876677546,37.83097569822271,62.60062764360759,181.1387900355872,122.51229663261445,126.42998027613413,Mumbai Indians
0a476045,S Dhawan,221,6769,5324,1977,2102,299,23,768,2,153,193,51,2,35.07253886010363,127.1412471825695,17.29902329075883,37.133734034560476,58.94519131334023,158.66983372921615,126.51907677814414,122.84172661870502,Punjab Kings
dcce6f09,DA Warner,184,6565,4697,1723,1680,370,24,663,1,236,162,62,4,40.52469135802469,139.7700659995742,19.139876516925696,36.68298914200553,61.96496572734197,176.90140845070422,134.82510288065842,138.28190158465387,Delhi Capitals
b17e2f24,KL Rahul,149,5815,4179,1377,1769,280,5,508,1,239,126,45,6,46.15079365079365,139.14812156018186,17.87508973438622,32.95046661880833,59.60447119518487,178.89546351084812,138.848518725545,128.73074880509824,Delhi Capitals
1dc12ab9,SK Raina,200,5528,4043,1344,1708,270,11,506,1,203,170,39,1,32.51764705882353,136.73015087806084,17.536482809794705,33.24264160277022,58.64688856729378,170.58823529411765,131.04770017035776,132.87671232876713,Chennai Super Kings
4a8a2e3b,MS Dhoni,241,5439,3957,1337,1622,344,15,375,0,264,142,24,0,38.30281690140845,137.45261561789235,16.148597422289612,33.78822340156684,56.70159955874241,174.97477295660948,100.47293746715712,81.94444444444444,Chennai Super Kings
29e95537,AM Rahane,197,5367,4273,1556,1730,287,19,540,0,141,178,35,2,30.151685393258425,125.60262110929091,15.937280599110695,36.414696934238236,56.00894354387926,157.58513931888544,122.7485380116959,123.16964285714285,Kolkata Knight Riders
a4cc73aa,SV Samson,185,5181,3671,1267,1483,228,17,432,1,243,164,27,5,31.591463414634145,141.13320621084173,18.387360392263687,34.513756469626806,61.493920092646206,191.03139013452915,138.68986693961105,127.38001573564122,Chennai Super Kings
c4487b84,AB de Villiers,170,5162,3403,1037,1417,268,17,413,0,251,130,40,3,39.707692307692305,151.68968557155452,19.51219512195122,30.473111960035265,61.177838047268494,222.91169451073984,131.29147524247065,119.14191419141915,Royal Challengers Bengaluru
db584dad,CH Gayle,141,4965,3333,1465,1012,91,3,405,0,357,125,31,6,39.72,148.96489648964896,22.862286228622864,43.95439543954395,75.7703927492447,204.5774647887324,156.1335403726708,134.75298126064737,Punjab Kings
1c17e270,RV Uthappa,197,4952,3799,1472,1416,230,15,481,3,182,180,27,0,27.511111111111113,130.35009212950777,17.451961042379573,38.74703869439326,60.90468497576737,173.92638036809817,127.92596624931953,124.38875305623472,Chennai Super Kings
c03f1114,KD Karthik,233,4842,3577,1220,1463,258,6,466,3,161,184,22,0,26.315217391304348,135.36483086385238,17.528655297735533,34.106793402292425,58.446922759190414,173.40619307832424,122.38805970149254,98.50746268656717,Royal Challengers Bengaluru
3355b542,F du Plessis,147,4773,3515,1199,1459,223,18,440,2,174,136,39,0,35.095588235294116,135.78947368421052,17.467994310099574,34.11095305832148,58.74711921223549,179.74683544303798,126.08125819134995,136.34190077704721,Delhi Capitals
99b75528,JC Buttler,136,4646,3103,1124,1085,215,8,459,1,211,117,28,7,39.70940170940171,149.72607154366742,21.592007734450533,36.22300999033194,66.76711149375807,192.80575539568346,144.05797101449275,141.9601837672282,Gujarat Titans
b4b99816,Shubman Gill,130,4598,3236,1011,1367,247,12,446,1,152,114,32,5,40.333333333333336,142.08899876390606,18.479604449938194,31.242274412855377,58.63418877772945,155.92105263157893,147.20452937013445,134.5622119815668,Gujarat Titans
271f83cd,SA Yadav,164,4581,3083,1042,1184,190,7,482,0,178,136,31,2,33.68382352941177,148.5890366526111,21.407719753486866,33.79824845929289,65.40056756166776,178.2051282051282,144.13938753959874,141.05409153952843,Mumbai Indians
70d205c9,AT Rayudu,185,4348,3409,1193,1495,188,1,359,0,173,155,22,1,28.051612903225806,127.54473452625403,15.605749486652979,34.995599882663534,56.89972401103955,168.9111747851003,120.86912582112177,106.14754098360655,Chennai Super Kings
85ec8e33,SS Iyer,144,4229,3093,1034,1333,183,7,353,1,182,118,32,1,35.83898305084746,136.72809569996767,17.2971225347559,33.430326543808604,59.21021518089383,185.10158013544017,136.60919540229887,113.4065934065934,Punjab Kings
bb345e0b,G Gambhir,151,4217,3404,1237,1352,249,15,492,0,59,136,36,0,31.00735294117647,123.88366627497062,16.18683901292597,36.33960047003526,55.0628408821437,145.16129032258064,123.7037037037037,121.8950749464668,Delhi Capitals
93b4fc78,MK Pandey,162,4012,3293,1177,1405,231,12,348,3,117,136,22,1,29.5,121.8341937443061,14.120862435469178,35.7424840570908,52.19341974077767,151.380042462845,118.30209481808159,114.38492063492063,Kolkata Knight Riders
4329fbb5,SR Watson,141,3874,2809,1168,931,135,8,376,1,190,125,21,4,30.992,137.91384834460663,20.14951940192239,41.580633677465286,68.2498709344347,184.89795918367346,153.4812547819434,112.56961018297534,Chennai Super Kings
919a3be2,RR Pant,136,3865,2633,896,1038,165,2,350,1,181,115,20,2,33.608695652173914,146.79073300417775,20.167109760729208,34.029624003038364,64.32082794307891,202.77777777777777,135.7396449704142,118.11414392059554,Lucknow Super Giants
752f7486,Ishan Kishan,127,3600,2508,915,951,123,5,348,0,166,118,23,1,30.508474576271187,143.54066985645932,20.494417862838915,36.483253588516746,66.33333333333333,189.0909090909091,140.084388185654,138.16863100634635,Sunrisers Hyderabad
fe93fd9d,RA Jadeja,205,3526,2699,847,1200,260,6,264,0,122,121,5,0,29.140495867768596,130.64097814005186,14.301593182660245,31.381993330863285,50.70901871809416,150.15625,110.45801526717558,144.03669724770643,Rajasthan Royals
372455c4,Q de Kock,118,3441,2550,985,941,139,6,334,2,143,110,24,3,31.28181818181818,134.94117647058823,18.705882352941178,38.62745098039216,63.76053472827666,205.1282051282051,133.982683982684,130.08614976805833,Mumbai Indians
a757b0d8,KA Pollard,168,3412,2316,845,869,152,8,218,1,223,119,16,0,28.672268907563026,147.3229706390328,19.041450777202073,36.4853195164076,64.77139507620164,170.18425460636516,124.49355432780847,77.77777777777779,Mumbai Indians
d67d5f00,DA Miller,143,3288,2357,736,1034,198,2,235,0,152,92,14,1,35.73913043478261,139.4993635977938,16.41917691981332,31.22613491726771,56.326034063260344,174.24942263279445,122.0524017467249,87.17948717948718,Delhi Capitals
3c6ffae8,YK Pathan,153,3204,2241,783,877,155,5,262,0,159,110,13,1,29.12727272727273,142.9718875502008,18.786256135653726,34.93975903614458,62.484394506866415,160.62767475035665,133.5642802155504,142.32365145228215,Sunrisers Hyderabad
fb2d1dda,N Rana,121,3078,2235,880,821,88,6,288,1,151,112,22,0,27.482142857142858,137.71812080536913,19.6420581655481,39.37360178970917,66.8615984405458,183.53909465020578,137.57530120481925,121.23493975903614,Delhi Capitals
dbe50b21,HH Pandya,150,2955,2020,672,829,129,5,228,1,156,106,10,0,27.87735849056604,146.2871287128713,19.00990099009901,33.26732673267327,62.538071065989854,168.7150837988827,134.0717299578059,98.30508474576271,Mumbai Indians
fe11caa6,WP Saha,143,2934,2300,867,878,166,6,296,0,87,121,13,1,24.24793388429752,127.56521739130436,16.652173913043477,37.69565217391304,58.14587593728698,157.79036827195466,109.77777777777777,132.66475644699142,Gujarat Titans
b8a55852,BB McCullum,109,2880,2186,944,713,103,3,293,0,130,104,13,2,27.692307692307693,131.74748398902105,19.350411710887467,43.18389752973468,67.77777777777779,186.5979381443299,131.64556962025316,127.45901639344261,Royal Challengers Bengaluru
b5da6c24,PA Patel,136,2848,2358,997,811,127,8,365,1,49,126,13,0,22.603174603174605,120.78032230703985,17.557251908396946,42.28159457167091,61.58707865168539,133.80281690140845,117.59002770083103,121.66134185303514,Royal Challengers Bengaluru
45a43fe2,RD Gaikwad,84,2839,2093,730,844,143,9,260,0,107,74,22,2,38.36486486486486,135.6426182513139,17.53463927376971,34.87816531294792,59.24621345544205,175.14792899408286,137.44019138755982,128.125,Chennai Super Kings
b681e71e,GJ Maxwell,134,2819,1817,654,632,127,5,238,0,161,118,18,0,23.889830508474578,155.14584479911943,21.959273527793066,35.993395707209686,68.03831145796381,178.52941176470588,152.26689478186483,140.25974025974025,Punjab Kings
00ea847a,MA Agarwal,125,2756,2064,772,786,125,6,273,2,100,120,13,1,22.966666666666665,133.52713178294573,18.071705426356587,37.4031007751938,61.393323657474596,206.55737704918033,139.18575063613233,121.97231833910034,Royal Challengers Bengaluru
1c914163,Yuvraj Singh,126,2750,2120,891,741,119,3,217,0,149,111,13,0,24.774774774774773,129.7169811320755,17.264150943396224,42.02830188679245,64.07272727272726,180.83832335329342,115.33101045296168,102.71739130434783,Mumbai Indians
8ba8195d,V Sehwag,104,2728,1755,659,558,96,2,334,0,106,99,16,2,27.555555555555557,155.44159544159544,25.071225071225072,37.54985754985755,72.28739002932552,208.57142857142858,172.6829268292683,144.1628959276018,Punjab Kings
bbd41817,AD Russell,114,2651,1522,604,449,60,0,186,0,223,94,12,0,28.20212765957447,174.17871222076215,26.872536136662283,39.68462549277267,78.53640135797812,195.89603283173736,152.12355212355214,264.2857142857143,Kolkata Knight Riders
4b57e452,M Vijay,105,2619,2149,928,701,164,17,247,1,91,101,13,2,25.93069306930693,121.87063750581666,15.728245695672404,43.18287575616566,58.57197403589156,176.05633802816902,130.86770981507823,114.47272727272728,Chennai Super Kings
6c19c6e5,YBK Jaiswal,82,2593,1697,667,538,64,6,311,1,110,77,18,2,33.675324675324674,152.79905715969358,24.808485562757806,39.30465527401296,73.42846124180485,209.52380952380955,137.9598662207358,158.94039735099338,Rajasthan Royals
3241e3fd,N Pooran,100,2527,1540,542,554,86,3,169,0,186,80,15,0,31.5875,164.0909090909091,23.051948051948052,35.1948051948052,70.91412742382272,177.5757575757576,158.659217877095,152.0,Lucknow Super Giants
d5130a30,B Sai Sudharsan,57,2515,1686,492,727,122,3,258,1,83,52,20,3,48.36538461538461,149.16963226571767,20.22538552787663,29.181494661921707,60.834990059642145,206.71140939597316,148.25,138.5345997286296,Gujarat Titans
30a45b23,SPD Smith,93,2485,1940,606,880,162,7,225,0,60,72,11,1,34.513888888888886,128.0927835051546,14.690721649484537,31.237113402061855,50.70422535211267,162.67281105990781,116.80365296803652,121.65450121654501,Delhi Capitals
508a1ea7,SE Marsh,69,2477,1866,692,724,99,6,266,1,78,62,20,1,39.95161290322581,132.7438370846731,18.435155412647376,37.08467309753483,61.8490109002826,159.7560975609756,148.97119341563786,105.06849315068494,Punjab Kings
86dc8f2e,JH Kallis,95,2427,2222,913,888,113,8,255,1,44,85,17,0,28.55294117647059,109.22592259225922,13.456345634563457,41.089108910891085,52.90482076637824,172.80701754385964,98.51778656126481,105.49898167006111,Kolkata Knight Riders
35205dfc,DR Smith,88,2385,1764,793,521,84,3,245,1,117,84,17,0,28.392857142857142,135.20408163265304,20.521541950113377,44.954648526077094,70.52410901467505,151.35135135135135,148.301329394387,124.2827868852459,Gujarat Lions
f29185a1,Abhishek Sharma,89,2379,1389,487,453,77,4,224,0,144,81,13,2,29.37037037037037,171.27429805615552,26.493880489560834,35.06119510439165,73.98066414459858,154.3307086614173,174.94505494505495,171.87112763320943,Sunrisers Hyderabad
d2c2b2d5,SR Tendulkar,78,2334,1948,778,721,117,7,296,0,29,69,13,1,33.82608695652174,119.81519507186857,16.68377823408624,39.93839835728953,58.183376178234795,163.5036496350365,116.64656212303981,116.3951120162933,Mumbai Indians
77255a9e,RA Tripathi,98,2291,1662,604,628,111,5,229,0,85,88,12,0,26.03409090909091,137.8459687123947,18.892900120336943,36.34175691937425,62.243561763422086,145.03311258278146,134.9044585987261,139.53168044077137,Chennai Super Kings
2c25d4f5,D Padikkal,89,2270,1705,652,645,80,7,241,0,80,85,14,1,26.705882352941178,133.13782991202345,18.826979472140764,38.240469208211145,63.61233480176212,142.2680412371134,131.59203980099502,133.5820895522388,Royal Challengers Bengaluru
d9273ee7,MP Stoinis,108,2242,1520,514,604,102,1,181,1,117,78,10,1,28.743589743589745,147.5,19.605263157894736,33.81578947368421,63.60392506690455,180.81180811808116,129.67032967032966,127.2,Punjab Kings
0184dc35,R Dravid,82,2174,1882,783,681,118,1,269,2,28,77,11,0,28.233766233766232,115.5154091392136,15.781083953241232,41.60467587672689,57.22171113155474,168.0672268907563,114.82277121374867,108.77403846153845,Rajasthan Royals
a4e37e47,S Dube,87,2129,1464,503,606,85,1,132,0,137,68,10,0,31.308823529411764,145.42349726775956,18.37431693989071,34.35792349726776,63.41005166744951,167.9120879120879,137.9023883696781,80.43478260869566,Chennai Super Kings
d027ba9f,KS Williamson,76,2128,1694,583,733,119,8,186,1,64,60,18,0,35.46666666666667,125.6198347107438,14.757969303423849,34.41558441558442,53.00751879699248,166.06498194945848,126.48936170212765,100.41928721174006,Gujarat Titans
235c2bb6,H Klaasen,60,2104,1262,313,570,109,4,146,0,120,50,13,2,42.08,166.71949286846274,21.077654516640255,24.801901743264658,61.97718631178707,192.6892950391645,157.9874213836478,130.95238095238096,Sunrisers Hyderabad
b8d490fd,AJ Finch,90,2091,1631,685,545,105,4,214,0,78,84,15,0,24.892857142857142,128.2035561005518,17.903126916002453,41.99877375843041,63.31898613103778,157.54189944134077,136.41881638846738,114.75409836065573,Kolkata Knight Riders
2e171977,AR Patel,134,2089,1562,514,700,101,1,146,0,100,97,4,0,21.536082474226806,133.73879641485274,15.749039692701663,32.90653008962868,56.677836285303975,154.26829268292684,119.66426858513191,109.72222222222223,Delhi Capitals
2b6e6dec,AC Gilchrist,80,2069,1495,677,417,66,4,239,0,92,76,11,2,27.223684210526315,138.39464882943145,22.14046822742475,45.28428093645485,72.88545190913484,196.875,144.41860465116278,134.0755082284608,Punjab Kings
2e8994e7,JP Duminy,75,2029,1636,518,781,126,6,126,0,79,51,14,0,39.78431372549019,124.02200488997555,12.530562347188265,31.662591687041562,48.20108427796944,169.6153846153846,103.99087799315849,98.32635983263597,Mumbai Indians
5b8c830e,KH Pandya,123,1982,1481,540,556,130,6,173,0,76,87,3,0,22.7816091954023,133.8284942606347,16.812964213369344,36.46185010128292,57.921291624621595,158.73015873015873,122.18506131549609,107.5,Royal Challengers Bengaluru
48fd7349,MEK Hussey,58,1977,1612,607,648,96,11,198,0,52,51,15,1,38.76470588235294,122.64267990074443,15.508684863523573,37.655086848635236,55.84218512898331,191.91176470588235,125.24682651622004,107.95306388526727,Chennai Super Kings
8b3e9c7c,PP Shaw,79,1892,1283,484,429,68,3,238,0,61,79,14,0,23.949367088607595,147.4668745128605,23.304754481683553,37.72408417770849,69.66173361522199,142.85714285714286,150.1457725947522,146.57236126224154,Delhi Capitals
04a418e8,R Parag,86,1875,1300,452,524,80,1,135,0,108,73,9,0,25.684931506849313,144.23076923076923,18.69230769230769,34.76923076923077,63.36000000000001,160.3932584269663,138.24257425742573,137.5,Rajasthan Royals
9418198b,P Simran Singh,65,1865,1189,447,390,59,3,196,0,94,63,14,1,29.603174603174605,156.85449957947856,24.390243902439025,37.5946173254836,72.27882037533512,179.54545454545453,161.73469387755102,152.98804780876495,Punjab Kings
b0482a1d,Tilak Varma,65,1858,1284,403,558,85,4,143,0,91,52,10,1,35.73076923076923,144.70404984423678,18.22429906542056,31.386292834890966,60.17222820236814,198.17518248175185,132.74231678486998,117.07317073170731,Mumbai Indians
3d8feaf8,MR Marsh,62,1855,1249,470,461,48,4,155,0,111,60,12,2,30.916666666666668,148.51881505204162,21.297037630104082,37.630104083266616,69.32614555256065,152.86624203821657,139.81981981981983,156.23836126629422,Lucknow Super Giants
9d430b40,SP Narine,122,1820,1101,501,246,41,1,191,1,120,104,7,1,17.5,165.3042688465032,28.247048138056314,45.50408719346049,81.53846153846153,121.21212121212122,174.19354838709677,170.1449275362319,Kolkata Knight Riders
d18f9182,DPMD Jayawardene,78,1802,1462,560,565,93,4,200,1,39,63,10,1,28.603174603174605,123.25581395348837,16.34746922024624,38.303693570451436,57.380688124306324,159.14893617021278,113.04945054945054,121.24248496993988,Delhi Capitals
944533a5,KK Nair,78,1712,1304,501,474,86,5,188,1,49,73,11,0,23.45205479452055,131.2883435582822,18.17484662576687,38.420245398773005,61.0981308411215,177.41935483870967,123.00751879699247,127.89256198347107,Delhi Capitals
c3a96caf,Mandeep Singh,97,1706,1388,525,531,113,4,176,1,38,82,6,0,20.804878048780488,122.91066282420748,15.417867435158502,37.82420749279539,54.630715123094966,149.63503649635038,118.39285714285714,114.25992779783394,Kolkata Knight Riders
26e5cabf,MK Tiwary,83,1695,1449,531,633,77,8,156,4,40,59,7,0,28.728813559322035,116.97722567287785,13.526570048309178,36.64596273291926,50.97345132743363,144.9029126213592,108.30235439900868,97.3913043478261,Punjab Kings
6b71e6cf,KC Sangakkara,68,1687,1392,520,563,81,5,195,1,27,65,10,0,25.953846153846154,121.19252873563218,15.948275862068966,37.35632183908046,55.838767042086545,155.3846153846154,118.59605911330048,115.99999999999999,Sunrisers Hyderabad
a24be938,VR Iyer,62,1677,1181,448,419,77,1,157,1,78,53,13,1,31.641509433962263,141.9983065198984,19.89839119390347,37.933954276037255,65.35480023852116,160.74074074074073,140.58500914076782,138.4769539078156,Royal Challengers Bengaluru
abb83e27,JM Bairstow,52,1674,1146,444,378,71,6,173,0,74,48,9,2,34.875,146.07329842931938,21.55322862129145,38.7434554973822,67.86140979689367,136.36363636363635,140.5579399141631,151.04,Mumbai Indians
6a26221c,AK Markram,66,1671,1233,377,580,72,5,131,0,68,55,10,0,30.381818181818183,135.52311435523114,16.13949716139497,30.57583130575831,55.77498503889886,180.4878048780488,127.91366906474819,129.94652406417114,Lucknow Super Giants
c740ea83,RM Patidar,52,1612,980,292,417,54,1,106,0,110,48,14,1,33.583333333333336,164.48979591836735,22.040816326530614,29.795918367346943,67.24565756823822,215.3225806451613,171.91887675507022,113.0232558139535,Royal Challengers Bengaluru
48a1d7b7,SO Hetmyer,85,1560,1045,352,407,91,1,98,0,96,57,5,0,27.36842105263158,149.2822966507177,18.564593301435405,33.68421052631579,62.05128205128205,171.94244604316546,127.01421800947867,101.49253731343283,Rajasthan Royals
87e562a9,DJ Bravo,110,1560,1204,455,447,111,5,120,0,66,69,5,0,22.608695652173914,129.56810631229237,15.448504983388705,37.7906976744186,56.15384615384615,174.13793103448276,92.3076923076923,111.81818181818181,Chennai Super Kings
12b610c2,TM Head,52,1556,915,319,292,54,0,172,0,78,48,10,1,32.416666666666664,170.05464480874318,27.322404371584703,34.86338797814207,74.293059125964,178.57142857142858,153.2646048109966,177.8169014084507,Sunrisers Hyderabad
890946a0,NV Ojha,94,1554,1313,601,438,64,10,121,0,79,75,6,0,20.72,118.35491241431835,15.232292460015232,45.77303884234578,61.64736164736164,139.79591836734696,120.85661080074487,102.48962655601659,Delhi Capitals
73ad96ed,DJ Hooda,101,1496,1172,388,520,100,4,98,0,62,85,8,0,17.6,127.64505119453923,13.651877133105803,33.105802047781566,51.06951871657755,145.625,125.8345428156749,100.0,Chennai Super Kings
709b0bac,SS Tiwary,73,1494,1244,432,554,95,2,111,0,50,52,8,0,28.73076923076923,120.09646302250805,12.942122186495178,34.726688102893895,49.79919678714859,144.12698412698413,113.41145833333333,104.96894409937889,Mumbai Indians
3576e47e,S Badrinath,65,1441,1212,460,484,85,1,154,0,28,47,11,0,30.659574468085108,118.8943894389439,15.016501650165019,37.95379537953795,54.406662040249834,151.79856115107916,120.08608321377332,76.79324894514767,Chennai Super Kings
d2a6c0e6,EJG Morgan,74,1405,1146,478,415,73,4,112,0,64,62,5,0,22.661290322580644,122.6003490401396,15.357766143106458,41.710296684118674,59.2170818505338,164.33121019108282,111.21495327102804,92.10526315789474,Kolkata Knight Riders
b57f8a9a,BJ Hodge,63,1400,1118,404,452,89,8,122,0,43,42,6,0,33.333333333333336,125.22361359570662,14.75849731663685,36.135957066189626,53.28571428571428,162.46648793565683,110.80617495711836,91.35802469135803,Rajasthan Royals
0a509d6b,RK Singh,62,1394,955,310,396,66,1,114,1,67,41,6,0,34.0,145.96858638743456,18.952879581151834,32.460732984293195,61.54949784791965,189.6882494004796,110.95890410958904,133.33333333333331,Kolkata Knight Riders
725529bc,SC Ganguly,56,1349,1263,599,427,54,3,137,1,42,53,7,0,25.452830188679247,106.80918448139352,14.172604908946951,47.42676167854315,59.30318754633062,184.46601941747574,98.13084112149532,102.12355212355213,Pune Warriors
45eda7c8,CA Lynn,42,1329,945,387,315,45,0,132,0,66,39,10,0,34.07692307692308,140.63492063492063,20.952380952380953,40.95238095238095,69.52595936794582,105.88235294117648,138.544474393531,144.25925925925927,Mumbai Indians
fd835ab3,DJ Hussey,61,1322,1075,399,452,72,2,90,0,60,49,5,0,26.979591836734695,122.97674418604652,13.953488372093023,37.116279069767444,54.46293494704992,175.9656652360515,107.01513067400275,116.52173913043478,Chennai Super Kings
39a2dfa8,R Tewatia,91,1302,943,339,374,58,0,110,0,62,55,2,0,23.672727272727272,138.06998939554614,18.23966065747614,35.949098621421,62.365591397849464,165.75091575091577,100.77319587628865,66.66666666666666,Gujarat Titans
3d284ca3,PD Salt,40,1258,721,258,213,44,1,138,0,67,37,12,0,34.0,174.47988904299584,28.43273231622746,35.78363384188627,75.83465818759937,184.21052631578948,178.97196261682242,172.1311475409836,Royal Challengers Bengaluru
0994d0ae,V Shankar,63,1233,950,304,428,81,1,88,0,48,47,7,0,26.23404255319149,129.78947368421052,14.315789473684209,32.0,51.9059205190592,166.1290322580645,115.88235294117648,97.6923076923077,Chennai Super Kings
99d63244,KM Jadhav,81,1208,981,344,432,61,2,102,0,40,54,4,0,22.37037037037037,123.13965341488277,14.475025484199797,35.06625891946993,53.64238410596026,138.8206388206388,116.83569979716025,82.71604938271605,Royal Challengers Bengaluru
bcf325d2,Dhruv Jurel,51,1195,775,235,329,51,0,98,0,62,38,10,0,31.44736842105263,154.19354838709677,20.64516129032258,30.32258064516129,63.93305439330545,173.8351254480287,138.70967741935485,162.36559139784944,Rajasthan Royals
872b03f7,A Badoni,56,1178,836,266,347,75,5,96,0,47,46,7,0,25.608695652173914,140.9090909090909,17.105263157894736,31.818181818181817,56.536502546689306,164.52599388379207,125.85365853658537,125.25252525252526,Lucknow Super Giants
bb351c23,MM Ali,59,1167,835,327,307,39,0,95,0,67,53,6,0,22.0188679245283,139.76047904191617,19.40119760479042,39.16167664670659,67.00942587832049,175.47169811320757,135.3305785123967,121.35416666666667,Kolkata Knight Riders
5bdcdb72,TM Dilshan,50,1153,1007,452,335,54,2,140,0,24,43,9,0,26.813953488372093,114.49851042701091,16.28599801390268,44.885799404170804,61.05810928013877,171.55172413793102,103.32594235033258,110.9090909090909,Royal Challengers Bengaluru
f1f99156,TH David,59,1151,650,193,249,47,2,76,0,83,35,2,0,32.885714285714286,177.0769230769231,24.461538461538463,29.69230769230769,69.67854039965248,195.13888888888889,141.28440366972478,,Royal Challengers Bengaluru
5fa06777,IK Pathan,82,1139,946,337,406,76,2,87,1,37,53,1,0,21.49056603773585,120.40169133192389,13.107822410147993,35.62367864693446,50.043898156277436,149.32432432432432,90.38901601830663,124.61538461538461,Gujarat Lions
800d2d97,JM Sharma,59,1107,726,267,257,46,2,86,0,68,48,1,0,23.0625,152.4793388429752,21.21212121212121,36.77685950413223,67.93134598012647,182.1292775665399,139.77272727272728,56.52173913043478,Royal Challengers Bengaluru
d8699ab7,ML Hayden,32,1107,805,333,257,48,2,121,0,44,30,8,0,36.9,137.51552795031057,20.496894409937887,41.36645962732919,67.57000903342367,192.0,140.1360544217687,129.93492407809111,Chennai Super Kings
c03e2850,M Vohra,51,1083,829,359,249,64,9,104,1,43,49,3,0,22.102040816326532,130.63932448733414,17.73220747889023,43.30518697225573,62.23453370267775,221.42857142857144,126.4367816091954,127.96296296296296,Lucknow Super Giants
df5a6881,DP Conway,28,1080,773,267,306,45,4,117,0,34,25,11,0,43.2,139.71539456662353,19.534282018111256,34.54075032341527,62.22222222222222,152.38095238095238,152.33918128654972,125.81521739130434,Chennai Super Kings
89f64c19,LMP Simmons,29,1079,852,376,269,52,2,109,0,44,27,11,1,39.96296296296296,126.6431924882629,17.95774647887324,44.13145539906103,64.87488415199259,155.55555555555557,135.1123595505618,117.82608695652175,Mumbai Indians
50c6bc2b,LS Livingstone,49,1066,687,244,266,29,2,70,0,76,42,7,0,25.38095238095238,155.16739446870452,21.251819505094613,35.516739446870446,69.04315196998124,216.98113207547172,137.91348600508906,132.5925925925926,Sunrisers Hyderabad
eaa76d3c,C Green,42,1029,681,201,297,48,2,84,0,49,27,4,1,38.111111111111114,151.1013215859031,19.530102790014684,29.515418502202646,61.224489795918366,182.75862068965517,138.9041095890411,150.29239766081872,Kolkata Knight Riders
470f446b,V Suryavanshi,23,1028,449,154,108,10,0,81,0,96,23,6,2,44.69565217391305,228.95322939866372,39.42093541202672,34.29844097995546,87.54863813229572,290.0,228.7671232876712,226.96245733788393,Rajasthan Royals
b61a3e1a,LRPL Taylor,54,1017,822,309,334,62,3,66,2,46,40,3,0,25.425,123.72262773722629,13.62530413625304,37.591240875912405,53.09734513274337,156.78391959798995,109.5617529880478,128.099173553719,Delhi Capitals
39f01cdb,KP Pietersen,36,1001,743,275,284,48,4,91,1,40,28,4,1,35.75,134.72409152086138,17.631224764468374,37.01211305518169,60.33966033966034,178.26086956521738,127.89473684210526,133.33333333333331,Rising Pune Supergiant
32198ae0,MC Henriques,54,1000,788,271,323,76,3,87,0,28,36,5,0,27.77777777777778,126.90355329949239,14.593908629441623,34.390862944162436,51.6,165.02463054187194,113.25842696629213,114.99999999999999,Punjab Kings
e94915e6,SM Curran,53,997,731,253,293,59,0,85,0,41,40,6,0,24.925,136.38850889192886,17.236662106703147,34.61012311901504,58.77632898696088,181.67330677290835,112.57142857142857,113.07692307692308,Chennai Super Kings
fe763256,Y Venugopal Rao,52,985,836,326,341,53,1,77,1,37,44,3,0,22.386363636363637,117.82296650717703,13.636363636363635,38.995215311004785,53.80710659898477,154.18326693227093,106.9672131147541,78.35051546391753,Sunrisers Hyderabad
85b3fab2,T Stubbs,43,980,648,161,321,48,2,69,1,46,25,5,0,39.2,151.23456790123458,17.746913580246915,24.845679012345677,56.326530612244895,198.54545454545453,118.31831831831832,100.0,Delhi Capitals
bd77eb62,A Symonds,36,974,750,277,288,66,4,74,0,41,27,5,1,36.074074074074076,129.86666666666667,15.333333333333332,36.93333333333334,55.64681724845995,159.23913043478262,125.82644628099173,87.8048780487805,Mumbai Indians
c3d35165,JA Morkel,67,974,686,227,287,55,1,61,0,55,40,3,0,24.35,141.98250728862973,16.909620991253643,33.09037900874635,58.932238193018485,156.12745098039215,120.30075187969925,141.66666666666669,Rising Pune Supergiant
d0513f63,CL White,45,954,755,260,334,47,2,76,0,36,36,6,0,26.5,126.35761589403972,14.834437086092716,34.437086092715234,54.50733752620545,188.08290155440415,111.08647450110864,81.08108108108108,Sunrisers Hyderabad
e087956b,BA Stokes,43,935,698,233,290,59,2,81,1,32,38,2,2,24.605263157894736,133.9541547277937,16.189111747851005,33.3810888252149,55.18716577540107,161.71875,125.44987146529563,132.5966850828729,Chennai Super Kings
b5797845,Priyansh Arya,31,909,471,165,129,27,0,87,0,63,31,6,1,29.322580645161292,192.9936305732484,31.84713375796178,35.03184713375796,79.86798679867987,,199.13793103448276,190.98591549295773,Punjab Kings
26989d80,Shashank Singh,42,905,560,155,244,42,1,67,0,51,25,6,0,36.2,161.60714285714286,21.071428571428573,27.67857142857143,63.425414364640886,195.41984732824426,131.5018315018315,136.0,Punjab Kings
f19ccfad,Washington Sundar,59,888,656,209,286,47,4,82,0,28,43,3,0,20.651162790697676,135.3658536585366,16.76829268292683,31.859756097560975,55.85585585585585,155.84415584415586,115.61461794019934,127.65957446808511,Gujarat Titans
e1d1b294,HH Gibbs,36,886,807,380,264,45,3,83,1,31,32,6,0,27.6875,109.78934324659231,14.12639405204461,47.08798017348203,58.465011286681715,156.52173913043478,106.37681159420289,107.45192307692308,Mumbai Indians
d7017798,A Raghuvanshi,30,885,608,192,266,24,4,86,1,35,26,7,0,34.03846153846154,145.5592105263158,19.901315789473685,31.57894736842105,62.59887005649718,163.0952380952381,140.9090909090909,145.8762886597938,Kolkata Knight Riders
bd17b45f,STR Binny,66,880,683,251,263,61,7,66,0,35,46,0,0,19.130434782608695,128.84333821376282,14.787701317715959,36.749633967789165,53.86363636363637,150.9505703422053,117.72151898734178,72.0,Rajasthan Royals
8e514b4c,Abdul Samad,58,857,576,198,229,39,0,55,0,55,44,0,0,19.477272727272727,148.78472222222223,19.09722222222222,34.375,64.17736289381564,169.84615384615384,121.51394422310757,,Lucknow Super Giants
e66732f8,RD Rickelton,26,836,497,191,152,21,0,78,0,55,24,5,1,34.833333333333336,168.20925553319918,26.76056338028169,38.43058350100604,76.79425837320574,184.6153846153846,182.9787234042553,161.51603498542272,Mumbai Indians
8b5b6769,Harbhajan Singh,88,833,604,253,195,35,0,79,0,42,55,1,0,15.145454545454545,137.91390728476821,20.033112582781456,41.88741721854304,68.18727490996399,151.45631067961165,104.25531914893618,121.56862745098039,Kolkata Knight Riders
495d42a5,R Ashwin,93,833,705,257,307,48,0,64,0,29,64,1,0,13.015625,118.15602836879432,13.191489361702127,36.45390070921986,51.62064825930373,133.7078651685393,101.08695652173914,106.84931506849315,Chennai Super Kings
5afd4539,MS Bisla,39,798,702,340,207,36,3,93,0,23,38,4,0,21.0,113.67521367521367,16.524216524216524,48.433048433048434,63.90977443609023,157.57575757575756,115.74468085106382,109.21658986175116,Royal Challengers Bengaluru
7dc35884,Shakib Al Hasan,52,793,637,213,285,45,0,73,0,21,40,2,0,19.825,124.48979591836735,14.756671899529042,33.437990580847725,52.71122320302648,140.0,117.21311475409837,97.22222222222221,Kolkata Knight Riders
aad0c365,Nithish Kumar Reddy,35,787,541,172,237,34,2,50,0,46,27,3,0,29.14814814814815,145.4713493530499,17.744916820702404,31.79297597042514,60.482846251588306,196.66666666666666,141.24629080118694,89.28571428571429,Sunrisers Hyderabad
d1a60072,N Wadhera,37,784,560,211,215,26,1,64,0,43,33,4,0,23.757575757575758,140.0,19.107142857142854,37.67857142857143,65.56122448979592,171.11111111111111,137.38095238095238,106.0,Punjab Kings
7dcb9bc9,M Shahrukh Khan,53,775,524,185,209,29,0,49,0,52,38,2,0,20.394736842105264,147.90076335877862,19.27480916030534,35.30534351145038,65.54838709677419,165.83333333333334,134.60076045627375,109.52380952380953,Gujarat Titans
ad3b6e95,Abishek Porel,33,769,529,177,212,29,2,80,1,28,30,4,0,25.633333333333333,145.36862003780718,20.415879017013232,33.459357277882795,63.45903771131339,172.22222222222223,138.88888888888889,147.4903474903475,Delhi Capitals
f233bbb4,ST Jayasuriya,30,768,532,251,128,22,7,84,1,39,28,4,1,27.428571428571427,144.36090225563908,23.1203007518797,47.18045112781955,74.21875,,153.0120481927711,140.43715846994536,Mumbai Indians
f088b960,SN Khan,43,746,543,190,212,35,0,86,0,20,33,2,0,22.606060606060606,137.38489871086557,19.521178637200737,34.99079189686925,62.19839142091153,169.61325966850828,107.2289156626506,152.21238938053096,Chennai Super Kings
72861603,GC Smith,29,739,668,297,228,39,1,94,0,9,26,4,0,28.423076923076923,110.62874251497006,15.419161676646706,44.461077844311376,58.18673883626523,165.0,124.06639004149378,96.64082687338501,Pune Warriors
896d78ad,AD Mathews,41,724,575,183,267,49,3,44,0,29,31,1,0,23.35483870967742,125.91304347826086,12.695652173913045,31.82608695652174,48.34254143646409,153.9855072463768,102.4822695035461,58.82352941176471,Delhi Capitals
fffa744b,Naman Dhir,33,710,433,133,171,24,1,68,0,36,26,3,0,27.307692307692307,163.97228637413394,24.018475750577366,30.71593533487298,68.73239436619718,193.4640522875817,151.82926829268294,142.24137931034483,Mumbai Indians
aaa1b522,TL Suman,39,676,575,243,205,43,3,55,0,26,32,2,0,21.125,117.56521739130434,14.08695652173913,42.26086956521739,55.62130177514793,133.33333333333331,121.32867132867133,102.20994475138122,Pune Warriors
a45a5e8d,AM Nayar,50,672,577,223,230,47,1,55,1,20,38,0,0,17.68421052631579,116.46447140381282,12.99826689774697,38.64818024263432,50.595238095238095,157.36040609137058,96.74267100977198,89.04109589041096,Rajasthan Royals
5056011d,GJ Bailey,36,663,544,199,222,44,1,59,0,19,27,2,0,24.555555555555557,121.875,14.338235294117647,36.580882352941174,52.79034690799397,174.86631016042782,89.51965065502183,102.34375,Rising Pune Supergiant
0ebfb1ad,E Lewis,26,654,477,212,146,19,2,62,0,36,24,4,0,27.25,137.1069182389937,20.545073375262053,44.44444444444444,70.9480122324159,152.38095238095238,118.82352941176471,146.85314685314685,Lucknow Super Giants
ded9240e,PJ Cummins,51,642,421,162,133,41,1,40,0,44,33,3,0,19.454545454545453,152.49406175771972,19.95249406175772,38.47980997624703,66.04361370716511,165.23297491039426,128.36879432624113,0.0,Sunrisers Hyderabad
5f547c8b,Rashid Khan,72,635,406,161,118,38,1,45,0,43,46,1,0,13.804347826086957,156.4039408866995,21.67487684729064,39.6551724137931,68.97637795275591,165.83850931677017,120.23809523809523,,Gujarat Titans
98ae73b1,PP Chawla,86,624,563,246,203,37,1,56,0,20,56,0,0,11.142857142857142,110.8348134991119,13.49911190053286,43.69449378330373,55.12820512820513,121.44772117962465,88.13559322033898,115.38461538461537,Mumbai Indians
fb66ce1f,CH Morris,49,618,398,119,163,39,1,41,0,35,28,2,0,22.071428571428573,155.27638190954772,19.09547738693467,29.899497487437188,60.517799352750814,167.4496644295302,109.6774193548387,242.85714285714283,Rajasthan Royals
d1c36f5c,JJ Roy,21,614,443,180,148,17,2,75,0,21,19,4,0,32.31578947368421,138.6004514672686,21.670428893905193,40.63205417607224,69.38110749185668,178.26086956521738,148.46153846153845,131.0344827586207,Kolkata Knight Riders
844e79d1,D Brevis,24,606,415,157,158,19,0,38,0,43,24,2,0,25.25,146.02409638554218,19.518072289156628,37.83132530120482,67.65676567656766,214.63414634146343,144.63087248322148,114.4736842105263,Chennai Super Kings
91ffa6c6,JD Ryder,29,604,458,192,145,30,3,69,0,19,28,4,0,21.571428571428573,131.87772925764193,19.213973799126638,41.92139737991266,64.56953642384106,160.71428571428572,114.42307692307692,134.96932515337423,Pune Warriors
f9e6e7ef,Shahbaz Ahmed,40,603,489,169,217,40,2,33,0,28,29,1,0,20.79310344827586,123.31288343558282,12.474437627811861,34.56032719836401,49.75124378109453,147.196261682243,107.2289156626506,80.76923076923077,Lucknow Super Giants
9caf69a1,WG Jacks,26,602,379,132,144,15,0,50,0,38,22,2,1,27.363636363636363,158.83905013192611,23.218997361477573,34.82849604221636,71.09634551495017,292.0,146.23115577889448,153.54838709677418,Mumbai Indians
e798611a,HM Amla,16,577,407,139,164,22,1,60,0,21,13,3,2,44.38461538461539,141.76904176904176,19.901719901719904,34.15233415233415,63.43154246100519,234.6153846153846,124.35897435897436,131.15577889447238,Punjab Kings
84d9c311,Ashutosh Sharma,26,564,334,108,126,21,0,39,0,40,19,2,0,29.68421052631579,168.8622754491018,23.652694610778443,32.33532934131736,70.2127659574468,192.16589861751152,125.64102564102564,,Delhi Capitals
650d5e49,R Powell,30,555,390,158,137,19,0,38,0,38,25,1,0,22.2,142.30769230769232,19.48717948717949,40.51282051282051,68.46846846846847,188.88888888888889,108.83720930232559,115.38461538461537,Kolkata Knight Riders
989889ff,JP Inglis,16,544,314,105,104,17,2,58,0,28,14,4,0,38.857142857142854,173.2484076433121,27.388535031847134,33.43949044585987,73.52941176470588,140.9090909090909,150.36496350364962,198.06451612903226,Lucknow Super Giants
8abdf100,CJ Anderson,29,538,423,187,139,25,1,40,0,31,22,3,0,24.454545454545453,127.18676122931443,16.78486997635934,44.2080378250591,64.31226765799256,166.66666666666669,121.01167315175097,85.24590163934425,Royal Challengers Bengaluru
7ca5e05d,RS Bopara,22,531,453,160,204,27,7,39,0,16,18,3,0,29.5,117.21854304635761,12.141280353200882,35.32008830022075,47.45762711864407,172.1153846153846,108.29268292682927,90.27777777777779,Sunrisers Hyderabad
808f425a,JP Faulkner,45,527,389,128,160,41,1,36,0,23,25,0,0,21.08,135.47557840616966,15.167095115681233,32.904884318766065,53.510436432637576,154.5774647887324,86.04651162790698,73.68421052631578,Gujarat Lions
da934ee8,MK Lomror,35,527,373,120,165,25,0,33,0,30,29,1,0,18.17241379310345,141.28686327077747,16.890080428954423,32.171581769437,59.20303605313093,161.9718309859155,137.8238341968912,81.57894736842105,Royal Challengers Bengaluru
d014d5ac,SE Rutherford,27,520,364,140,140,16,0,30,0,38,21,1,0,24.761904761904763,142.85714285714286,18.681318681318682,38.46153846153847,66.92307692307692,161.21212121212122,136.61202185792348,25.0,Mumbai Indians
c42aaf71,M Manhas,38,514,470,181,191,44,1,43,0,10,23,0,0,22.347826086956523,109.36170212765957,11.27659574468085,38.51063829787234,45.13618677042802,131.8918918918919,96.55172413793103,86.79245283018868,Chennai Super Kings
6eb146d2,Gurkeerat Singh,32,511,422,156,176,23,1,55,0,11,24,2,0,21.291666666666668,121.09004739336493,15.639810426540285,36.96682464454976,55.96868884540117,154.93827160493828,100.89686098654708,94.5945945945946,Royal Challengers Bengaluru
7bf96684,OA Shah,22,506,389,133,168,29,2,34,0,23,15,4,0,33.733333333333334,130.0771208226221,14.652956298200515,34.19023136246786,54.1501976284585,157.30994152046785,107.0,127.77777777777777,Rajasthan Royals
25eeb281,PC Valthaty,23,505,418,216,101,20,0,61,0,20,22,2,1,22.954545454545453,120.8133971291866,19.37799043062201,51.674641148325364,72.07920792079207,209.0909090909091,124.57627118644068,112.23021582733811,Punjab Kings
c16d4035,SW Billings,27,503,388,141,152,34,1,40,0,20,26,3,0,19.346153846153847,129.63917525773198,15.463917525773196,36.340206185567006,55.666003976143145,168.57142857142858,117.64705882352942,128.8659793814433,Kolkata Knight Riders
fe366f34,C Connolly,13,491,301,110,105,11,0,43,0,32,11,2,1,44.63636363636363,163.12292358803987,24.916943521594686,36.544850498338874,74.13441955193483,254.05405405405403,161.49068322981367,133.0097087378641,Punjab Kings
cad00a4d,RR Rossouw,22,473,308,116,101,21,0,45,0,25,20,2,0,23.65,153.57142857142858,22.727272727272727,37.66233766233766,69.76744186046511,210.25641025641028,148.23529411764707,140.4040404040404,Punjab Kings
2a2e6343,DT Christian,41,460,398,135,190,29,2,23,0,19,31,0,0,14.838709677419354,115.57788944723617,10.552763819095476,33.91959798994975,44.78260869565218,138.56502242152467,88.62275449101796,37.5,Royal Challengers Bengaluru
b2b4f545,A Mhatre,13,441,240,79,76,10,1,51,0,23,13,3,0,33.92307692307692,183.75,30.833333333333336,32.916666666666664,77.55102040816327,90.0,184.7058823529412,189.6551724137931,Chennai Super Kings
f89d3b11,Sameer Rizvi,18,424,293,108,110,19,0,30,0,26,14,3,0,30.285714285714285,144.7098976109215,19.112627986348123,36.86006825938566,65.09433962264151,201.53846153846155,140.3061224489796,56.25,Delhi Capitals
ae091d39,SA Asnodkar,19,423,339,151,105,17,0,56,0,10,20,2,0,21.15,124.7787610619469,19.469026548672566,44.54277286135693,67.13947990543736,,111.53846153846155,133.01435406698565,Rajasthan Royals
0f12f9df,NLTC Perera,30,422,307,112,119,26,1,23,0,26,22,0,0,19.181818181818183,137.45928338762215,15.960912052117262,36.48208469055375,58.767772511848335,151.70454545454547,117.0940170940171,128.57142857142858,Rising Pune Supergiant
2498e163,JR Hopes,19,417,306,112,114,19,1,49,0,11,16,4,0,26.0625,136.27450980392157,19.607843137254903,36.60130718954248,62.829736211031175,140.0,146.09375,125.5639097744361,Delhi Capitals
ba5e1069,R Ravindra,18,413,287,96,114,20,1,40,0,16,17,2,0,24.294117647058822,143.90243902439025,19.51219512195122,33.44947735191638,61.98547215496368,266.66666666666663,146.15384615384613,137.5,Chennai Super Kings
7c503806,J Botha,28,409,359,133,143,37,2,39,0,5,20,1,0,20.45,113.9275766016713,12.256267409470752,37.04735376044568,45.47677261613692,129.26829268292684,111.41304347826086,86.53846153846155,Kolkata Knight Riders
b1451597,LR Shukla,33,405,350,144,137,20,0,33,0,16,27,0,0,15.0,115.71428571428572,14.000000000000002,41.14285714285714,56.2962962962963,133.53658536585365,101.65745856353593,40.0,Delhi Capitals
8291f939,AL Menaria,23,401,356,141,149,24,0,24,0,18,21,0,0,19.095238095238095,112.64044943820224,11.797752808988763,39.60674157303371,50.87281795511222,121.24999999999999,110.44776119402985,100.0,Rajasthan Royals
f3cb53a1,MV Boucher,23,394,309,107,127,29,1,32,0,13,14,1,0,28.142857142857142,127.50809061488673,14.563106796116504,34.627831715210355,52.28426395939086,159.8639455782313,99.27536231884058,91.66666666666666,Kolkata Knight Riders
d4f9dbd4,CA Pujara,22,390,391,188,133,15,1,50,0,4,19,1,0,20.526315789473685,99.74424552429667,13.810741687979538,48.08184143222506,57.43589743589743,114.6341463414634,105.78512396694215,93.88646288209607,Punjab Kings
9a158001,Azhar Mahmood,21,388,303,116,116,19,0,39,0,13,19,2,0,20.42105263157895,128.05280528052805,17.16171617161716,38.28382838283829,60.30927835051546,135.16483516483518,129.25531914893617,91.66666666666666,Kolkata Knight Riders
9b6e1b3f,J Fraser-McGurk,15,385,193,83,34,6,1,39,0,30,15,4,0,25.666666666666668,199.4818652849741,35.751295336787564,43.005181347150256,87.27272727272727,,177.55102040816325,206.94444444444446,Delhi Capitals
6b19d823,A Mishra,55,381,419,178,183,22,0,31,0,5,32,0,0,11.90625,90.9307875894988,8.591885441527445,42.482100238663485,40.419947506561684,104.0,73.17073170731707,20.0,Lucknow Super Giants
73c18486,KR Mayers,13,379,263,128,58,16,0,38,1,22,13,4,0,29.153846153846153,144.106463878327,22.813688212927758,48.669201520912544,74.93403693931398,,167.24137931034483,137.5609756097561,Lucknow Super Giants
b720a5d6,DB Ravi Teja,25,375,317,116,136,18,3,35,0,9,19,1,0,19.736842105263158,118.29652996845425,13.880126182965299,36.59305993690852,51.733333333333334,138.52459016393445,111.67883211678833,91.37931034482759,Sunrisers Hyderabad
3fca55af,S Sohal,20,368,292,139,82,17,1,34,1,18,20,2,0,18.4,126.02739726027397,17.80821917808219,47.6027397260274,66.30434782608695,44.44444444444444,134.92063492063494,126.81818181818181,Deccan Chargers
f62772e5,P Negi,35,365,289,112,108,25,1,27,0,16,26,0,0,14.038461538461538,126.29757785467129,14.878892733564014,38.75432525951557,55.89041095890411,141.2087912087912,102.97029702970298,66.66666666666666,Royal Challengers Bengaluru
0bacade8,Rahmanullah Gurbaz,18,363,269,132,68,12,1,34,0,22,17,2,0,21.352941176470587,134.9442379182156,20.817843866171003,49.07063197026022,73.82920110192838,0.0,152.05479452054794,129.23076923076923,Kolkata Knight Riders
2e81a32d,B Kumar,75,354,377,173,140,24,2,34,0,4,38,0,0,9.31578947368421,93.89920424403184,10.079575596816976,45.88859416445623,45.19774011299435,96.93251533742331,74.50980392156863,,Royal Challengers Bengaluru
119678fd,KV Sharma,40,352,295,113,121,23,1,20,0,17,26,0,0,13.538461538461538,119.3220338983051,12.54237288135593,38.30508474576271,51.70454545454546,137.01657458563537,92.38095238095238,77.77777777777779,Mumbai Indians
eade4650,DJ Mitchell,15,351,267,75,130,23,1,28,0,10,13,2,0,27.0,131.46067415730337,14.232209737827715,28.08988764044944,49.002849002849004,121.05263157894737,137.74834437086093,124.35897435897436,Chennai Super Kings
bf74b130,FH Allen,11,349,163,58,39,5,0,33,0,28,10,1,1,34.9,214.11042944785277,37.423312883435585,35.58282208588957,85.95988538681948,,284.0,183.1858407079646,Kolkata Knight Riders
1abb78f8,SN Thakur,43,349,263,95,104,18,1,32,0,13,30,1,0,11.633333333333333,132.6996197718631,17.110266159695815,36.12167300380228,59.02578796561605,137.8698224852071,128.88888888888889,0.0,Mumbai Indians
33a364a6,R Bhatia,47,342,284,104,119,23,1,24,0,13,30,0,0,11.4,120.4225352112676,13.028169014084506,36.61971830985916,50.877192982456144,145.93023255813952,81.25,,Rising Pune Supergiant
e938e1bc,P Kumar,57,340,314,149,102,24,0,22,0,17,38,0,0,8.947368421052632,108.28025477707006,12.420382165605096,47.452229299363054,55.88235294117647,112.64367816091954,88.88888888888889,75.0,Gujarat Lions
855a210c,AP Tare,27,339,273,130,72,19,1,40,0,11,24,1,0,14.125,124.17582417582418,18.681318681318682,47.61904761904761,66.66666666666666,153.84615384615387,162.22222222222223,111.88118811881189,Delhi Capitals
cf73ad76,JEC Franklin,16,327,301,116,129,22,0,25,0,9,11,1,0,29.727272727272727,108.63787375415282,11.295681063122924,38.53820598006645,47.09480122324159,142.64705882352942,107.85714285714285,84.94623655913979,Mumbai Indians
f0af99a7,D Ferreira,16,326,191,71,58,13,0,26,0,23,12,2,0,27.166666666666668,170.6806282722513,25.654450261780106,37.17277486910995,74.23312883435584,204.25531914893617,139.53488372093022,127.27272727272727,Rajasthan Royals
4ec07775,RN ten Doeschate,21,326,235,77,102,15,0,26,0,15,14,1,0,23.285714285714285,138.72340425531914,17.4468085106383,32.76595744680851,59.50920245398773,151.42857142857142,122.72727272727273,85.71428571428571,Kolkata Knight Riders
5574750c,JC Archer,40,326,225,82,84,19,0,18,0,22,25,0,0,13.04,144.88888888888889,17.77777777777778,36.44444444444444,62.57668711656442,158.33333333333331,113.20754716981132,0.0,Rajasthan Royals
0f721006,JO Holder,34,324,263,110,98,18,0,16,0,21,26,0,0,12.461538461538462,123.1939163498099,14.068441064638785,41.825095057034225,58.64197530864198,131.21387283236993,123.18840579710144,57.14285714285714,Gujarat Titans
c8f5f961,Anuj Rawat,21,318,267,114,97,15,1,26,0,14,16,1,0,19.875,119.10112359550563,14.981273408239701,42.69662921348314,59.11949685534591,175.30864197530863,94.89795918367348,94.31818181818183,Royal Challengers Bengaluru
a3b0600d,Aniket Verma,20,315,196,72,69,12,0,18,0,25,15,1,0,21.0,160.71428571428572,21.93877551020408,36.734693877551024,70.47619047619048,185.71428571428572,150.48543689320388,106.25,Sunrisers Hyderabad
41eb4a4f,R Vinay Kumar,42,310,274,103,110,31,0,21,0,9,28,0,0,11.071428571428571,113.13868613138686,10.948905109489052,37.591240875912405,44.516129032258064,115.929203539823,100.0,,Kolkata Knight Riders
ad427b5c,Lalit Yadav,21,305,290,118,122,15,1,27,0,7,16,0,0,19.0625,105.17241379310344,11.724137931034482,40.689655172413794,49.18032786885246,117.5,104.49438202247192,78.125,Delhi Capitals
7050a1e7,DB Das,22,304,261,118,92,12,0,23,0,16,14,0,0,21.714285714285715,116.47509578544062,14.942528735632186,45.21072796934866,61.8421052631579,120.61855670103093,116.21621621621621,109.43396226415094,Kolkata Knight Riders
94d7f855,C de Grandhomme,21,303,225,82,91,16,0,18,0,18,16,0,0,18.9375,134.66666666666666,16.0,36.44444444444444,59.4059405940594,141.5929203539823,129.0909090909091,50.0,Royal Challengers Bengaluru
b63ab531,LA Pomersbach,16,302,246,104,85,18,1,25,0,13,11,1,0,27.454545454545453,122.76422764227641,15.447154471544716,42.27642276422765,58.94039735099338,136.73469387755102,111.96581196581197,130.0,Punjab Kings
0c94f480,UBT Chand,20,300,300,156,88,15,0,32,0,9,20,1,0,15.0,100.0,13.666666666666666,52.0,60.66666666666667,166.66666666666669,107.14285714285714,84.50704225352112,Mumbai Indians
be24ead0,Ramandeep Singh,26,299,205,69,84,15,1,17,0,19,16,0,0,18.6875,145.85365853658536,17.560975609756095,33.65853658536586,60.86956521739131,191.11111111111111,111.60714285714286,66.66666666666666,Kolkata Knight Riders
7b679de5,Kartik Sharma,11,295,216,84,81,11,0,24,0,16,9,2,0,32.77777777777778,136.57407407407408,18.51851851851852,38.88888888888889,65.08474576271186,175.0,125.503355704698,134.7826086956522,Chennai Super Kings
c03c6200,DJG Sammy,20,295,241,98,94,15,1,15,0,18,15,1,0,19.666666666666668,122.40663900414938,13.692946058091287,40.66390041493776,56.949152542372886,141.66666666666669,107.85714285714285,160.0,Royal Challengers Bengaluru
541f85c9,SP Goswami,21,293,295,132,110,17,1,32,0,3,20,1,0,14.65,99.32203389830508,11.864406779661017,44.74576271186441,49.829351535836174,118.18181818181819,98.11320754716981,97.60479041916167,Sunrisers Hyderabad
0890552f,A Manohar,20,292,235,91,98,9,0,23,0,14,19,0,0,15.368421052631579,124.25531914893617,15.74468085106383,38.72340425531915,60.273972602739725,157.4468085106383,107.31707317073172,66.66666666666666,Sunrisers Hyderabad
662c47a6,Y Nagar,20,285,259,101,109,18,2,20,0,9,14,0,0,20.357142857142858,110.03861003861005,11.196911196911197,38.996138996138995,47.01754385964912,140.94488188976376,80.62015503875969,66.66666666666666,Delhi Capitals
94253925,GH Vihari,23,284,321,136,137,23,1,23,0,1,20,0,0,14.2,88.47352024922118,7.476635514018691,42.36760124610592,34.50704225352113,114.28571428571428,90.06211180124224,65.55555555555556,Delhi Capitals
de8cce37,VVS Laxman,20,282,267,119,100,10,0,33,0,5,19,1,0,14.842105263157896,105.61797752808988,14.232209737827715,44.569288389513105,57.446808510638306,50.0,126.02739726027397,99.46808510638297,Kochi Tuskers Kerala
1c2a64cd,A Ashish Reddy,23,280,193,58,83,20,1,16,0,15,15,0,0,18.666666666666668,145.0777202072539,16.06217616580311,30.05181347150259,55.00000000000001,146.57534246575344,148.78048780487805,83.33333333333334,Sunrisers Hyderabad
5451a2c1,B Chipli,21,280,251,105,100,7,4,28,0,7,15,1,0,18.666666666666668,111.55378486055776,13.94422310756972,41.832669322709165,55.00000000000001,178.57142857142858,105.0420168067227,72.36842105263158,Delhi Capitals
f986ca1a,HV Patel,44,280,238,100,92,13,0,18,0,15,32,0,0,8.75,117.64705882352942,13.865546218487395,42.016806722689076,57.85714285714286,131.4814814814815,88.1578947368421,,Sunrisers Hyderabad
11df3dc8,MJ Lumb,12,278,194,92,41,9,1,45,0,6,12,1,0,23.166666666666668,143.29896907216494,26.288659793814436,47.42268041237113,77.6978417266187,,132.5,146.10389610389612,Deccan Chargers
8ee36b18,P Nissanka,10,278,175,66,54,10,0,33,0,12,10,2,0,27.8,158.85714285714286,25.71428571428571,37.714285714285715,73.38129496402878,,119.44444444444444,169.06474820143885,Delhi Capitals
6c882e9a,PBB Rajapaksa,13,277,191,70,69,15,0,22,0,15,13,1,0,21.307692307692307,145.0261780104712,19.3717277486911,36.64921465968586,64.25992779783394,75.0,143.70370370370372,160.41666666666669,Punjab Kings
bb965e9a,PK Garg,19,273,241,88,103,23,2,16,0,9,18,1,0,15.166666666666666,113.27800829875518,10.37344398340249,36.51452282157676,43.223443223443226,162.5,104.66666666666666,100.0,Delhi Capitals
626c5379,R Sathish,24,270,231,87,89,24,3,22,0,6,17,0,0,15.882352941176471,116.88311688311688,12.121212121212121,37.66233766233766,45.925925925925924,138.98305084745763,100.0,0.0,Kolkata Knight Riders
2be41edb,MJ Guptill,13,270,196,88,59,7,2,24,1,15,12,1,0,22.5,137.75510204081633,19.897959183673468,44.89795918367347,68.88888888888889,,130.0,139.74358974358972,Sunrisers Hyderabad
c5aef772,R Shepherd,19,268,153,57,48,8,0,18,0,22,11,1,0,24.363636363636363,175.16339869281046,26.143790849673206,37.254901960784316,76.11940298507463,193.06930693069307,140.3846153846154,,Royal Challengers Bengaluru
e62dd25d,K Rabada,34,262,239,108,86,13,0,21,0,11,20,0,0,13.1,109.62343096234311,13.389121338912133,45.18828451882845,57.25190839694656,119.87179487179486,92.5,33.33333333333333,Gujarat Titans
1ac746c8,Atharva Taide,10,260,177,63,61,14,1,30,0,8,10,2,0,26.0,146.89265536723164,21.468926553672315,35.59322033898305,64.61538461538461,,139.1891891891892,152.4271844660194,Sunrisers Hyderabad
d84378a4,M Kaif,22,259,250,112,86,23,1,22,0,6,18,0,0,14.38888888888889,103.60000000000001,11.200000000000001,44.800000000000004,47.87644787644788,120.0,109.5808383233533,57.89473684210527,Royal Challengers Bengaluru
c05edf8e,Harpreet Brar,27,249,206,83,77,16,0,20,0,10,12,0,0,20.75,120.87378640776699,14.563106796116504,40.29126213592233,56.22489959839358,137.5,74.07407407407408,,Punjab Kings
90de905a,K Gowtham,27,247,148,51,47,16,2,15,0,17,18,0,0,13.722222222222221,166.89189189189187,21.62162162162162,34.45945945945946,65.58704453441295,186.36363636363635,136.36363636363635,160.0,Lucknow Super Giants
fdedb37c,SM Katich,11,241,186,80,56,15,1,26,0,8,10,2,0,24.1,129.56989247311827,18.27956989247312,43.01075268817204,63.07053941908713,125.0,122.58064516129032,134.25925925925927,Punjab Kings
2e11c706,BCJ Cutting,17,238,141,53,44,10,0,15,0,19,11,0,0,21.636363636363637,168.79432624113474,24.113475177304963,37.5886524822695,73.10924369747899,178.51239669421489,110.00000000000001,,Mumbai Indians
6afb26d6,MD Mishra,17,237,208,97,65,14,0,24,0,8,16,0,0,14.8125,113.9423076923077,15.384615384615385,46.63461538461539,60.75949367088608,142.10526315789474,124.61538461538461,104.03225806451613,Pune Warriors
6b2ff18f,SB Dubey,17,220,143,47,58,8,0,17,0,13,10,0,0,22.0,153.84615384615387,20.97902097902098,32.86713286713287,66.36363636363637,171.5909090909091,112.24489795918366,233.33333333333334,Rajasthan Royals
a1f1829d,K Goel,16,218,231,122,71,11,1,17,0,9,15,0,0,14.533333333333333,94.37229437229438,11.255411255411255,52.81385281385281,55.96330275229357,107.14285714285714,66.66666666666666,99.37888198757764,Punjab Kings
2815fe50,AA Jhunjhunwala,15,217,210,90,82,13,1,19,0,5,13,1,0,16.692307692307693,103.33333333333334,11.428571428571429,42.857142857142854,48.8479262672811,135.29411764705884,99.2,70.58823529411765,Deccan Chargers
62af8546,Mohammad Nabi,19,215,150,54,58,8,1,18,0,11,16,0,0,13.4375,143.33333333333334,19.333333333333332,36.0,64.18604651162791,148.27586206896552,132.0,153.84615384615387,Mumbai Indians
8d2c70ad,Kuldeep Yadav,41,210,253,126,92,14,0,18,0,3,18,0,0,11.666666666666666,83.00395256916995,8.300395256916996,49.80237154150198,42.857142857142854,89.47368421052632,52.27272727272727,,Delhi Capitals
26a85969,R Dhawan,22,210,187,84,61,16,1,18,0,7,11,0,0,19.09090909090909,112.29946524064172,13.368983957219251,44.919786096256686,54.285714285714285,127.27272727272727,76.36363636363637,,Punjab Kings
cc1e8c68,UT Yadav,48,208,201,96,70,10,0,16,0,9,21,0,0,9.904761904761905,103.48258706467661,12.437810945273633,47.76119402985074,56.730769230769226,109.04255319148936,23.076923076923077,,Gujarat Titans
c995d726,CA Ingram,15,205,180,75,69,9,0,22,0,5,12,0,0,17.083333333333332,113.88888888888889,15.0,41.66666666666667,57.56097560975609,150.0,106.66666666666667,77.77777777777779,Delhi Capitals
a386e91b,PD Collingwood,7,203,156,57,66,10,1,9,0,13,5,3,0,40.6,130.12820512820514,14.102564102564102,36.53846153846153,56.15763546798029,180.0,104.34782608695652,136.8421052631579,Delhi Capitals
1e66c162,JD Unadkat,28,201,169,67,63,16,0,16,0,7,16,0,0,12.5625,118.93491124260356,13.609467455621301,39.64497041420118,52.736318407960205,126.24113475177306,82.14285714285714,,Sunrisers Hyderabad
44a89551,KS Bharat,8,199,163,57,70,15,1,12,0,8,7,1,0,28.428571428571427,122.08588957055215,12.269938650306749,34.96932515337423,48.24120603015075,168.42105263157893,120.0,110.16949152542372,Delhi Capitals
bb18be76,SK Warne,27,198,214,100,82,12,0,14,0,6,20,0,0,9.9,92.5233644859813,9.345794392523365,46.728971962616825,46.464646464646464,103.78787878787878,74.39024390243902,,Rajasthan Royals
cf59b3f0,Urvil Patel,10,197,96,38,22,4,1,11,0,20,10,1,0,19.7,205.20833333333334,32.29166666666667,39.58333333333333,83.24873096446701,,189.28571428571428,211.76470588235296,Chennai Super Kings
eea6b7f1,SP Fleming,10,196,165,80,42,11,2,27,0,3,9,0,0,21.77777777777778,118.7878787878788,18.181818181818183,48.484848484848484,64.28571428571429,,138.1818181818182,109.09090909090908,Chennai Super Kings
c69a7b5c,AS Raut,16,194,167,62,73,9,3,13,0,7,9,0,0,21.555555555555557,116.1676646706587,11.976047904191617,37.12574850299401,48.45360824742268,116.50485436893203,115.51724137931035,116.66666666666667,Rajasthan Royals
4d6d6280,Salman Butt,7,193,161,75,47,7,0,30,0,2,7,1,0,27.571428571428573,119.87577639751552,19.875776397515526,46.58385093167702,68.39378238341969,266.66666666666663,128.0701754385965,106.12244897959184,Kolkata Knight Riders
27af6414,BJ Rohrer,8,193,140,51,48,14,1,21,0,5,6,1,0,32.166666666666664,137.85714285714286,18.571428571428573,36.42857142857142,59.067357512953365,225.71428571428572,108.57142857142857,,Delhi Capitals
4e04666c,YV Takawale,10,192,178,95,41,12,0,26,1,3,8,0,0,24.0,107.86516853932584,16.292134831460675,53.37078651685393,63.541666666666664,223.0769230769231,127.27272727272727,91.66666666666666,Royal Challengers Bengaluru
81c36ee9,M Jansen,25,192,174,66,78,12,0,9,0,9,15,0,0,12.8,110.34482758620689,10.344827586206897,37.93103448275862,46.875,114.70588235294117,94.73684210526315,,Punjab Kings
4ae1755b,HC Brook,11,190,154,65,50,12,0,23,0,4,9,0,1,21.11111111111111,123.37662337662339,17.532467532467532,42.2077922077922,61.05263157894737,144.0,128.88888888888889,114.28571428571428,Sunrisers Hyderabad
c18496e1,Bipul Sharma,17,187,123,33,51,19,0,11,0,9,8,0,0,23.375,152.03252032520325,16.260162601626014,26.82926829268293,52.406417112299465,157.7981651376147,107.14285714285714,,Sunrisers Hyderabad
1fc6ef83,SD Hope,9,183,122,45,43,10,0,12,0,12,8,0,0,22.875,150.0,19.672131147540984,36.885245901639344,65.57377049180327,110.00000000000001,180.76923076923077,130.0,Delhi Capitals
c15e2193,FY Fazal,11,183,173,68,75,7,0,22,0,1,10,0,0,18.3,105.78034682080926,13.294797687861271,39.30635838150289,51.36612021857923,118.75,111.29032258064515,96.20253164556962,Rajasthan Royals
afa7e784,MS Wade,14,183,177,85,55,12,0,23,0,2,14,0,0,13.071428571428571,103.38983050847457,14.124293785310735,48.0225988700565,56.830601092896174,,88.60759493670885,115.3061224489796,Gujarat Titans
26d041c4,Sikandar Raza,9,182,136,52,44,18,2,12,0,8,7,1,0,26.0,133.8235294117647,14.705882352941178,38.23529411764706,52.74725274725275,138.23529411764704,136.55913978494624,88.88888888888889,Punjab Kings
864c199e,AC Voges,7,181,143,44,61,18,2,15,0,3,4,0,0,45.25,126.57342657342659,12.587412587412588,30.76923076923077,43.0939226519337,151.78571428571428,114.1025641025641,77.77777777777779,Rajasthan Royals
e342e5fb,CR Brathwaite,14,181,111,44,37,4,0,10,0,16,13,0,0,13.923076923076923,163.06306306306305,23.423423423423422,39.63963963963964,75.13812154696133,198.73417721518987,75.0,,Kolkata Knight Riders
7a8bd078,S Gopal,22,180,169,67,70,11,0,19,0,2,14,0,0,12.857142857142858,106.50887573964498,12.42603550295858,39.64497041420118,48.888888888888886,129.80769230769232,73.77049180327869,0.0,Mumbai Indians
fa463154,AB Agarkar,18,179,154,54,67,15,0,13,0,5,10,0,0,17.9,116.23376623376625,11.688311688311687,35.064935064935064,45.81005586592179,132.9787234042553,72.3404255319149,153.84615384615387,Delhi Capitals
ab89348d,MF Maharoof,14,177,123,43,43,16,0,12,0,9,10,0,0,17.7,143.90243902439025,17.073170731707318,34.959349593495936,57.6271186440678,151.68539325842696,123.52941176470588,,Delhi Capitals
af2c687b,C Munro,11,177,141,65,45,4,0,19,0,8,12,0,0,14.75,125.53191489361701,19.148936170212767,46.09929078014184,70.05649717514125,80.0,93.33333333333333,143.95604395604394,Delhi Capitals
a90e53ec,MW Short,9,177,143,64,43,10,0,21,0,5,9,0,0,19.666666666666668,123.77622377622377,18.181818181818183,44.75524475524475,64.40677966101694,0.0,100.0,133.98058252427185,Chennai Super Kings
1c84109e,MD Choudhary,10,170,120,48,44,5,0,11,0,12,6,1,0,28.333333333333332,141.66666666666669,19.166666666666668,40.0,68.23529411764706,149.35064935064935,127.90697674418605,,Lucknow Super Giants
063b3673,DH Yagnik,17,170,137,57,44,11,0,23,0,2,10,0,0,17.0,124.08759124087592,18.248175182481752,41.605839416058394,61.1764705882353,128.0,119.35483870967742,,Rajasthan Royals
30a2649b,CM Gautam,13,169,150,76,40,8,3,17,0,6,10,0,0,16.9,112.66666666666667,15.333333333333332,50.66666666666667,61.53846153846154,125.0,104.54545454545455,109.6774193548387,Delhi Capitals
f5180fe6,MG Johnson,28,167,164,76,58,12,1,10,0,7,13,0,0,12.846153846153847,101.82926829268293,10.365853658536585,46.34146341463415,49.101796407185624,109.02777777777777,50.0,,Kolkata Knight Riders
710dd98c,MN van Wyk,5,167,132,41,58,12,1,19,0,1,3,1,0,55.666666666666664,126.51515151515152,15.151515151515152,31.060606060606062,49.101796407185624,153.48837209302326,114.0625,112.00000000000001,Kolkata Knight Riders
8fd1a8f5,DW Steyn,33,167,160,69,55,19,0,14,0,3,22,0,0,7.590909090909091,104.375,10.625,43.125,44.31137724550898,107.94701986754967,44.44444444444444,,Royal Challengers Bengaluru
970ddd24,Suryansh Shedge,10,165,101,30,43,7,0,9,0,12,7,1,0,23.571428571428573,163.36633663366337,20.792079207920793,29.7029702970297,65.45454545454545,148.27586206896552,168.25396825396825,177.77777777777777,Punjab Kings
2461eef2,PA Reddy,10,164,160,65,65,12,1,15,0,2,10,0,0,16.4,102.49999999999999,10.625,40.625,43.90243902439025,300.0,90.19607843137256,99.03846153846155,Sunrisers Hyderabad
3c55c703,JG Bethell,9,163,116,47,41,1,0,21,0,6,9,1,0,18.11111111111111,140.51724137931035,23.275862068965516,40.51724137931034,73.61963190184049,,100.0,152.22222222222223,Royal Challengers Bengaluru
bd54eef5,N Jagadeesan,10,162,147,65,52,7,0,21,0,2,9,0,0,18.0,110.20408163265304,15.646258503401361,44.21768707482993,59.25925925925925,84.61538461538461,119.17808219178083,104.91803278688525,Kolkata Knight Riders
f846de6a,MN Samuels,14,161,172,84,61,11,0,9,0,7,13,0,0,12.384615384615385,93.6046511627907,9.30232558139535,48.837209302325576,48.4472049689441,147.05882352941177,97.6923076923077,36.0,Delhi Capitals
05c2ca46,RE van der Merwe,15,159,141,63,53,4,2,11,0,8,11,0,0,14.454545454545455,112.7659574468085,13.47517730496454,44.680851063829785,57.861635220125784,115.21739130434783,120.6896551724138,97.2972972972973,Delhi Capitals
c654af19,R McLaren,13,159,171,69,78,8,1,14,0,1,8,1,0,19.875,92.98245614035088,8.771929824561402,40.35087719298245,38.9937106918239,118.96551724137932,82.10526315789474,66.66666666666666,Kolkata Knight Riders
5ffc0565,V Nigam,10,157,89,29,31,3,0,18,0,8,8,0,0,19.625,176.40449438202248,29.213483146067414,32.58426966292135,76.43312101910828,175.0,160.6060606060606,250.0,Delhi Capitals
d7423da1,S Arora,11,156,98,34,39,2,1,11,0,11,7,0,0,22.285714285714285,159.18367346938774,22.448979591836736,34.69387755102041,70.51282051282051,183.33333333333331,134.6938775510204,200.0,Sunrisers Hyderabad
8f6dd463,Azmatullah Omarzai,11,151,101,37,39,4,0,11,0,10,10,0,0,15.1,149.5049504950495,20.792079207920793,36.633663366336634,68.87417218543047,181.57894736842107,130.15873015873015,,Punjab Kings
59559bc2,J Overton,8,151,93,28,36,7,1,14,0,7,5,0,0,30.2,162.36559139784944,22.58064516129032,30.107526881720432,64.90066225165563,165.07936507936506,156.66666666666666,,Chennai Super Kings
92aeac25,AD Hales,6,148,118,47,44,8,0,13,0,6,6,0,0,24.666666666666668,125.42372881355932,16.101694915254235,39.83050847457627,59.45945945945946,,91.8918918918919,140.74074074074073,Sunrisers Hyderabad
aa8d28ae,D Wiese,11,148,101,30,46,6,0,12,0,7,5,0,0,29.6,146.53465346534654,18.81188118811881,29.7029702970297,60.810810810810814,162.33766233766232,95.83333333333334,,Kolkata Knight Riders
12314277,Arshad Khan,13,147,99,37,35,9,0,7,0,11,7,1,0,21.0,148.4848484848485,18.181818181818183,37.37373737373738,63.94557823129252,147.61904761904762,150.0,,Gujarat Titans
88fccd6c,SM Pollock,8,147,111,42,47,2,0,12,0,8,8,0,0,18.375,132.43243243243242,18.01801801801802,37.83783783783784,65.3061224489796,190.47619047619045,104.76190476190477,16.666666666666664,Mumbai Indians
756389bd,S Vidyut,8,145,109,49,30,5,1,21,0,3,8,1,0,18.125,133.0275229357798,22.018348623853214,44.95412844036697,70.34482758620689,0.0,140.0,135.5263157894737,Chennai Super Kings
dc9dd038,Sachin Baby,11,144,118,45,44,13,0,11,0,5,9,0,0,16.0,122.03389830508475,13.559322033898304,38.13559322033898,51.388888888888886,158.33333333333331,89.0909090909091,0.0,Royal Challengers Bengaluru
23eeb873,DL Chahar,20,142,103,41,34,11,0,8,0,9,10,0,0,14.2,137.8640776699029,16.50485436893204,39.80582524271845,60.56338028169014,126.5625,156.4102564102564,,Mumbai Indians
addbde6c,N Saini,10,140,141,66,43,15,1,16,0,0,10,1,0,14.0,99.29078014184397,11.347517730496454,46.808510638297875,45.714285714285715,87.5,108.16326530612245,95.23809523809523,Punjab Kings
1399b39c,Anmolpreet Singh,9,139,115,53,35,5,0,19,0,3,9,0,0,15.444444444444445,120.8695652173913,19.130434782608695,46.08695652173913,67.62589928057554,,95.83333333333334,127.47252747252746,Sunrisers Hyderabad
e4a0deae,MJ Santner,21,136,123,50,52,6,0,9,0,6,8,0,0,17.0,110.56910569105692,12.195121951219512,40.65040650406504,52.94117647058824,136.23188405797103,73.33333333333333,83.33333333333334,Mumbai Indians
95a2ea61,S Anirudha,12,136,113,46,44,7,0,9,0,7,8,1,0,17.0,120.35398230088497,14.15929203539823,40.707964601769916,57.35294117647059,146.15384615384613,103.03030303030303,92.85714285714286,Sunrisers Hyderabad
9a46c4e5,GD Phillips,13,132,109,46,40,8,0,7,0,8,11,0,0,12.0,121.10091743119267,13.761467889908257,42.201834862385326,57.57575757575758,165.2173913043478,101.96078431372548,33.33333333333333,Gujarat Titans
57efa3be,SB Styris,10,131,133,52,63,5,0,10,0,3,7,0,0,18.714285714285715,98.49624060150376,9.774436090225564,39.097744360902254,44.274809160305345,148.14814814814815,89.24731182795699,61.53846153846154,Chennai Super Kings
619aa81f,W Jaffer,8,130,121,56,41,6,1,14,0,3,8,1,0,16.25,107.43801652892562,14.049586776859504,46.28099173553719,56.92307692307692,,165.625,86.51685393258427,Royal Challengers Bengaluru
2ed569a0,RD Chahar,22,129,124,67,31,8,0,13,0,5,16,0,0,8.0625,104.03225806451613,14.516129032258066,54.03225806451613,63.565891472868216,115.74074074074075,25.0,,Chennai Super Kings
ff077124,Kamran Akmal,6,128,78,33,20,4,0,13,0,8,5,1,0,25.6,164.1025641025641,26.923076923076923,42.30769230769231,78.125,152.94117647058823,254.99999999999997,124.39024390243902,Rajasthan Royals
2728e7e9,P Dogra,12,127,138,60,58,10,1,4,0,5,11,0,0,11.545454545454545,92.02898550724638,6.521739130434782,43.47826086956522,36.22047244094488,117.74193548387098,71.05263157894737,,Kolkata Knight Riders
331ea488,UT Khawaja,6,127,100,38,38,6,1,14,0,3,6,0,0,21.166666666666668,127.0,17.0,38.0,58.26771653543307,,80.0,142.66666666666669,Rising Pune Supergiant
e86754b2,TK Curran,10,127,107,36,47,11,0,10,0,3,5,1,0,25.4,118.69158878504673,12.149532710280374,33.64485981308411,45.66929133858268,138.0,101.75438596491229,,Delhi Capitals
5bb5a915,M Morkel,20,126,90,32,33,8,1,11,0,5,11,0,0,11.454545454545455,140.0,17.77777777777778,35.55555555555556,58.730158730158735,143.20987654320987,111.11111111111111,,Kolkata Knight Riders
9385de2e,SS Prabhudessai,10,126,106,49,28,12,2,11,0,4,10,0,0,12.6,118.86792452830188,14.150943396226415,46.22641509433962,53.96825396825397,120.0,127.02702702702702,66.66666666666666,Royal Challengers Bengaluru
759ac88f,MM Sharma,30,125,136,67,48,7,1,9,0,4,18,0,0,6.944444444444445,91.91176470588235,9.558823529411764,49.26470588235294,48.0,100.0,76.59574468085107,,Delhi Capitals
53f27a35,BB Samantray,8,125,113,45,45,8,0,13,0,2,5,1,0,25.0,110.61946902654867,13.274336283185843,39.823008849557525,51.2,140.0,109.6774193548387,71.42857142857143,Sunrisers Hyderabad
605b7efa,MC Juneja,7,125,128,48,61,7,0,11,0,1,7,0,0,17.857142857142858,97.65625,9.375,37.5,40.0,106.25,93.61702127659575,111.11111111111111,Delhi Capitals
dd09ff8e,B Lee,19,124,97,41,36,4,0,8,0,8,10,0,0,12.4,127.83505154639174,16.49484536082474,42.2680412371134,64.51612903225806,128.73563218390805,120.0,,Kolkata Knight Riders
28c78fb3,Harpreet Singh,8,123,119,49,49,8,0,10,0,3,7,0,0,17.571428571428573,103.36134453781514,10.92436974789916,41.17647058823529,47.15447154471545,131.57894736842107,82.6923076923077,103.44827586206897,Punjab Kings
16043342,AB McDonald,9,123,100,35,42,9,1,9,0,4,5,0,0,24.6,123.0,13.0,35.0,48.78048780487805,123.07692307692308,81.25,157.89473684210526,Royal Challengers Bengaluru
a2870fb7,NK Patel,6,121,119,56,38,9,1,14,0,1,4,1,0,30.25,101.68067226890756,12.605042016806722,47.05882352941176,51.2396694214876,168.1818181818182,92.85714285714286,81.81818181818183,Rajasthan Royals
d7c6af50,DL Vettori,16,121,113,41,54,4,1,11,0,2,8,0,0,15.125,107.07964601769913,11.504424778761061,36.283185840707965,46.28099173553719,125.42372881355932,87.03703703703704,,Royal Challengers Bengaluru
1efb8a28,AC Blizzard,7,120,90,47,17,2,1,21,0,2,7,1,0,17.142857142857142,133.33333333333331,25.555555555555554,52.22222222222223,80.0,,150.0,130.26315789473685,Mumbai Indians
13c35c9e,TG Southee,19,120,107,46,37,11,0,8,1,4,13,0,0,9.23076923076923,112.14953271028037,11.214953271028037,42.99065420560748,46.666666666666664,132.5,51.85185185185185,,Kolkata Knight Riders
7eae4418,Misbah-ul-Haq,8,117,81,30,29,6,0,10,0,6,7,0,0,16.714285714285715,144.44444444444443,19.753086419753085,37.03703703703704,64.95726495726495,210.0,114.28571428571428,142.10526315789474,Royal Challengers Bengaluru
91a4a398,Z Khan,27,117,141,74,47,7,0,11,0,2,14,0,0,8.357142857142858,82.97872340425532,9.219858156028367,52.4822695035461,47.863247863247864,99.08256880733946,31.03448275862069,0.0,Delhi Capitals
2f49c897,Mohammed Siraj,23,117,139,81,37,6,0,11,0,4,12,0,0,9.75,84.17266187050359,10.79136690647482,58.27338129496403,58.119658119658126,86.82170542635659,50.0,,Gujarat Titans
12eddf28,RJ Harris,21,117,112,46,40,16,1,6,0,3,12,0,0,9.75,104.46428571428572,8.035714285714286,41.07142857142857,35.8974358974359,111.49425287356323,80.0,,Punjab Kings
557153ca,KK Cooper,12,116,68,27,16,8,0,9,0,8,9,0,0,12.88888888888889,170.58823529411765,25.0,39.705882352941174,72.41379310344827,179.54545454545453,136.36363636363635,350.0,Rajasthan Royals
1a156c88,DJM Short,7,115,99,45,35,3,0,11,0,5,7,0,0,16.428571428571427,116.16161616161615,16.161616161616163,45.45454545454545,64.34782608695652,,166.66666666666669,83.33333333333334,Rajasthan Royals
378daa89,Aman Hakim Khan,10,115,104,50,33,7,0,8,0,6,9,1,0,12.777777777777779,110.57692307692308,13.461538461538462,48.07692307692308,59.130434782608695,143.90243902439025,89.65517241379311,80.0,Delhi Capitals
8cf9814c,Mohammed Shami,34,115,111,54,37,6,0,9,0,5,19,0,0,6.052631578947368,103.60360360360362,12.612612612612612,48.64864864864865,57.391304347826086,103.125,106.66666666666667,,Lucknow Super Giants
abfeb126,M Kartik,14,113,108,31,60,8,1,7,0,1,7,0,0,16.142857142857142,104.62962962962963,7.4074074074074066,28.703703703703702,30.08849557522124,102.63157894736842,109.375,,Punjab Kings
3fb19989,MA Starc,22,111,121,52,49,9,0,11,0,0,12,0,0,9.25,91.73553719008265,9.090909090909092,42.97520661157025,39.63963963963964,86.04651162790698,105.71428571428572,,Delhi Capitals
39f82db3,DJ Harris,4,111,101,50,33,2,0,11,0,5,4,0,0,27.75,109.9009900990099,15.841584158415841,49.504950495049506,66.66666666666666,,145.94594594594594,89.0625,Deccan Chargers
3eac9d95,JDP Oram,11,106,108,48,46,3,0,6,0,5,8,0,0,13.25,98.14814814814815,10.185185185185185,44.44444444444444,50.943396226415096,124.0,75.86206896551724,,Mumbai Indians
cca50cd6,LJ Wright,5,106,60,19,20,2,0,16,0,3,5,0,0,21.2,176.66666666666666,31.666666666666664,31.666666666666664,77.35849056603774,227.02702702702703,93.33333333333333,100.0,Pune Warriors
d2a989fc,DS Kulkarni,20,104,108,45,45,8,1,7,0,2,9,0,0,11.555555555555555,96.29629629629629,8.333333333333332,41.66666666666667,38.46153846153847,101.0204081632653,50.0,,Mumbai Indians
23ac69e6,RJ Quiney,7,103,102,54,30,2,1,12,0,3,7,1,0,14.714285714285714,100.98039215686273,14.705882352941178,52.94117647058824,64.07766990291263,33.33333333333333,132.14285714285714,91.54929577464789,Rajasthan Royals
facb9086,SD Chitnis,8,99,89,35,37,5,0,10,0,2,7,0,0,14.142857142857142,111.23595505617978,13.48314606741573,39.325842696629216,52.52525252525253,116.21621621621621,119.56521739130434,16.666666666666664,Punjab Kings
ae78bc32,MS Gony,15,99,71,34,19,4,0,6,0,8,10,0,0,9.9,139.43661971830986,19.718309859154928,47.88732394366197,72.72727272727273,162.96296296296296,64.70588235294117,,Gujarat Lions
9b4935c8,CJ Ferguson,8,98,117,56,42,10,0,9,0,0,6,0,0,16.333333333333332,83.76068376068376,7.6923076923076925,47.863247863247864,36.734693877551024,100.0,82.85714285714286,70.83333333333334,Pune Warriors
f842c2cf,MJ Clarke,6,98,94,41,35,5,0,12,1,0,6,0,0,16.333333333333332,104.25531914893618,12.76595744680851,43.61702127659575,48.97959183673469,,73.33333333333333,118.75,Pune Warriors
172dff15,C Bosch,6,97,63,22,21,7,0,8,0,5,3,0,0,32.333333333333336,153.96825396825398,20.634920634920633,34.92063492063492,63.91752577319587,163.79310344827587,40.0,,Mumbai Indians
663b5e34,PN Mankad,5,97,73,30,23,5,0,13,0,2,3,1,0,32.333333333333336,132.87671232876713,20.54794520547945,41.0958904109589,65.97938144329896,163.63636363636365,141.66666666666669,118.42105263157893,Lucknow Super Giants
a818c1be,TA Boult,25,93,85,36,31,9,0,5,0,4,10,0,0,9.3,109.41176470588236,10.588235294117647,42.35294117647059,47.31182795698925,111.8421052631579,88.88888888888889,,Mumbai Indians
a84468fe,DJ Jacobs,7,92,98,59,22,3,0,10,0,4,7,0,0,13.142857142857142,93.87755102040816,14.285714285714285,60.204081632653065,69.56521739130434,,128.57142857142858,91.20879120879121,Mumbai Indians
9219eff0,JDS Neesham,10,92,93,40,34,11,0,6,0,2,9,0,0,10.222222222222221,98.9247311827957,8.60215053763441,43.01075268817204,39.130434782608695,89.36170212765957,108.69565217391303,,Rajasthan Royals
0aadc906,PR Shah,9,92,91,44,28,8,0,9,0,2,8,0,0,11.5,101.0989010989011,12.087912087912088,48.35164835164835,52.17391304347826,128.57142857142858,89.74358974358975,96.7741935483871,Rajasthan Royals
08548b13,PHKD Mendis,5,92,69,22,24,14,0,7,0,2,4,0,0,23.0,133.33333333333331,13.043478260869565,31.88405797101449,43.47826086956522,104.0,174.28571428571428,55.55555555555556,Sunrisers Hyderabad
ebcfef83,Himmat Singh,5,92,69,23,31,4,1,5,0,5,3,0,0,30.666666666666668,133.33333333333331,14.492753623188406,33.33333333333333,54.347826086956516,166.66666666666669,90.0,,Lucknow Super Giants
7c7d63a2,AJ Tye,13,91,76,36,22,6,1,6,0,5,9,0,0,10.11111111111111,119.73684210526316,14.473684210526317,47.368421052631575,59.34065934065934,116.66666666666667,131.25,,Lucknow Super Giants
90edaaa9,S Rana,8,91,81,32,29,10,0,9,0,1,4,0,0,22.75,112.34567901234568,12.345679012345679,39.50617283950617,46.15384615384615,136.0,33.33333333333333,90.9090909090909,Royal Challengers Bengaluru
7d415ea5,RT Ponting,9,91,128,68,47,6,0,5,0,2,9,0,0,10.11111111111111,71.09375,5.46875,53.125,35.16483516483517,,86.79245283018868,60.0,Mumbai Indians
e148e6bd,PR Veer,5,90,67,25,26,3,0,10,0,3,2,0,0,45.0,134.32835820895522,19.402985074626866,37.3134328358209,64.44444444444444,120.51282051282051,153.57142857142858,,Chennai Super Kings
f10e94c4,AD Nath,10,90,98,44,40,5,0,7,0,2,10,0,0,9.0,91.83673469387756,9.183673469387756,44.89795918367347,44.44444444444444,88.0,91.93548387096774,100.0,Royal Challengers Bengaluru
3ff033bb,MD Shanaka,8,89,72,30,25,7,0,5,0,5,7,0,0,12.714285714285714,123.61111111111111,13.88888888888889,41.66666666666667,56.17977528089888,123.07692307692308,126.66666666666666,0.0,Rajasthan Royals
85aae393,Iqbal Abdulla,13,88,84,34,34,6,0,9,0,1,2,0,0,44.0,104.76190476190477,11.904761904761903,40.476190476190474,47.72727272727273,118.64406779661016,72.0,,Royal Challengers Bengaluru
a12e1d51,SL Malinga,20,88,99,55,32,1,0,6,0,5,16,0,0,5.5,88.88888888888889,11.11111111111111,55.55555555555556,61.36363636363637,89.58333333333334,66.66666666666666,,Mumbai Indians
24d94623,Ankit Sharma,10,87,67,27,23,6,0,7,0,4,7,0,0,12.428571428571429,129.8507462686567,16.417910447761194,40.298507462686565,59.77011494252874,141.1764705882353,120.0,117.3913043478261,Rajasthan Royals
f4cb4f53,AP Majumdar,4,87,76,27,33,7,0,7,0,2,4,0,0,21.75,114.4736842105263,11.842105263157894,35.526315789473685,45.97701149425287,66.66666666666666,110.34482758620689,140.0,Pune Warriors
51a3c5ef,MJ McClenaghan,19,85,70,36,21,1,0,5,0,7,13,0,0,6.538461538461538,121.42857142857142,17.142857142857142,51.42857142857142,72.94117647058823,112.00000000000001,152.63157894736844,0.0,Mumbai Indians
18c78b11,RE Levi,6,83,73,40,19,0,0,10,0,4,6,1,0,13.833333333333334,113.69863013698631,19.17808219178082,54.794520547945204,77.10843373493977,,131.25,108.77192982456141,Mumbai Indians
56ab442f,NM Coulter-Nile,16,82,72,36,20,5,0,7,0,4,11,0,0,7.454545454545454,113.88888888888889,15.277777777777779,50.0,63.41463414634146,130.35714285714286,56.25,,Rajasthan Royals
bcce309e,WPUJC Vaas,11,81,73,24,33,11,0,2,0,3,8,0,0,10.125,110.95890410958904,6.8493150684931505,32.87671232876712,32.098765432098766,111.32075471698113,110.00000000000001,,Deccan Chargers
a97c8ec2,PWH de Silva,19,81,88,41,31,8,0,7,0,1,15,0,0,5.4,92.04545454545455,9.090909090909092,46.590909090909086,41.9753086419753,105.66037735849056,71.42857142857143,,Rajasthan Royals
0dc00542,Shahid Afridi,9,81,46,20,12,0,0,7,1,6,8,0,0,10.125,176.08695652173913,28.26086956521739,43.47826086956522,79.01234567901234,220.00000000000003,88.88888888888889,238.88888888888889,Deccan Chargers
ffe699c0,CJ Jordan,12,81,77,34,23,14,0,3,0,3,10,0,0,8.1,105.1948051948052,7.792207792207792,44.15584415584416,37.03703703703704,112.67605633802818,16.666666666666664,,Mumbai Indians
d872f52a,LA Carseldine,5,81,68,28,23,4,2,11,0,0,4,0,0,20.25,119.11764705882352,16.176470588235293,41.17647058823529,54.32098765432099,153.84615384615387,114.99999999999999,108.57142857142857,Rajasthan Royals
60500956,RV Patel,7,80,73,26,35,3,1,6,0,2,5,0,0,16.0,109.58904109589041,10.95890410958904,35.61643835616438,45.0,123.80952380952381,90.32258064516128,,Delhi Capitals
3edb58fc,AD Mascarenhas,11,79,78,28,35,9,0,5,0,1,9,0,0,8.777777777777779,101.28205128205127,7.6923076923076925,35.8974358974359,32.91139240506329,122.50000000000001,72.22222222222221,200.0,Punjab Kings
4c5d73db,CR Woakes,12,78,77,33,32,3,0,7,0,2,6,0,0,13.0,101.29870129870129,11.688311688311687,42.857142857142854,51.28205128205128,112.5,71.42857142857143,,Delhi Capitals
e4cdf230,AS Roy,14,78,64,23,25,7,1,6,0,2,8,0,0,9.75,121.875,12.5,35.9375,46.15384615384615,151.28205128205127,75.0,80.0,Kolkata Knight Riders
39086549,JR Philippe,5,78,77,35,28,4,0,9,0,1,4,0,0,19.5,101.29870129870129,12.987012987012985,45.45454545454545,53.84615384615385,50.0,130.0,92.72727272727272,Royal Challengers Bengaluru
68c56d09,KA Jamieson,10,77,73,39,20,3,1,6,0,4,5,0,0,15.4,105.47945205479452,13.698630136986301,53.42465753424658,62.33766233766234,139.4736842105263,68.57142857142857,,Delhi Capitals
af7dadf7,B Akhil,11,76,55,24,16,5,0,5,0,5,6,0,0,12.666666666666666,138.1818181818182,18.181818181818183,43.63636363636363,65.78947368421053,144.11764705882354,128.57142857142858,,Kochi Tuskers Kerala
dded65e7,IR Jaggi,7,76,97,48,36,5,2,6,0,0,5,0,0,15.2,78.35051546391753,6.185567010309279,49.48453608247423,31.57894736842105,92.85714285714286,82.6086956521739,67.56756756756756,Kolkata Knight Riders
462411b3,JJ Bumrah,29,75,86,39,35,5,0,6,0,1,8,0,0,9.375,87.20930232558139,8.13953488372093,45.348837209302324,40.0,82.27848101265823,142.85714285714286,,Mumbai Indians
d2d4bb0a,TR Birt,5,75,58,26,15,6,0,9,0,2,5,0,0,15.0,129.31034482758622,18.96551724137931,44.827586206896555,64.0,162.16216216216216,71.42857142857143,,Delhi Capitals
fcc21ace,A Kamboj,10,74,52,16,24,3,0,5,0,4,3,0,0,24.666666666666668,142.30769230769232,17.307692307692307,30.76923076923077,59.45945945945946,125.0,237.5,,Chennai Super Kings
b970a03f,M Klinger,4,73,77,35,30,2,1,9,0,0,4,0,0,18.25,94.8051948051948,11.688311688311687,45.45454545454545,49.31506849315068,,82.14285714285714,102.04081632653062,Kochi Tuskers Kerala
36d33dd0,RR Sarwan,4,73,75,31,31,6,0,6,0,1,4,0,0,18.25,97.33333333333334,9.333333333333334,41.333333333333336,41.0958904109589,,80.0,112.5,Punjab Kings
2f9d0389,LH Ferguson,8,72,47,12,20,6,0,7,0,2,3,0,0,24.0,153.19148936170214,19.148936170212767,25.53191489361702,55.55555555555556,153.19148936170214,,,Punjab Kings
0494fa6e,Vishnu Vinod,7,71,65,28,27,2,0,4,0,4,6,0,0,11.833333333333334,109.23076923076923,12.307692307692308,43.07692307692308,56.33802816901409,142.10526315789474,136.0,47.61904761904761,Punjab Kings
cbf58a86,SK Rasheed,5,71,63,34,13,5,0,9,0,2,5,0,0,14.2,112.6984126984127,17.46031746031746,53.96825396825397,67.6056338028169,,66.66666666666666,114.99999999999999,Chennai Super Kings
4125d931,J Suchith,9,70,61,29,18,5,0,6,0,3,4,0,0,17.5,114.75409836065573,14.754098360655737,47.540983606557376,60.0,180.64516129032256,46.666666666666664,,Sunrisers Hyderabad
1b7b0fa7,Vivrant Sharma,1,69,47,16,19,1,0,9,0,2,1,1,0,69.0,146.80851063829786,23.404255319148938,34.04255319148936,69.56521739130434,,182.6086956521739,112.5,Sunrisers Hyderabad
bff458c6,AA Bilakhia,7,69,85,40,31,9,0,5,0,0,5,0,0,13.8,81.17647058823529,5.88235294117647,47.05882352941176,28.985507246376812,109.09090909090908,50.0,71.875,Deccan Chargers
eef2536f,Avesh Khan,15,68,43,19,10,3,0,7,0,4,4,0,0,17.0,158.13953488372093,25.581395348837212,44.18604651162791,76.47058823529412,143.5897435897436,300.0,,Lucknow Super Giants
5d096f3d,RR Powar,9,67,64,27,23,7,0,6,0,1,3,0,0,22.333333333333332,104.6875,10.9375,42.1875,44.776119402985074,111.66666666666667,0.0,,Punjab Kings
5d9a1a73,R Sharma,19,66,75,46,14,7,0,5,0,3,14,0,0,4.714285714285714,88.0,10.666666666666668,61.33333333333333,57.57575757575758,89.04109589041096,50.0,,Delhi Capitals
0c9652b0,HR Shokeen,5,66,65,31,20,5,0,9,0,0,3,0,0,22.0,101.53846153846153,13.846153846153847,47.69230769230769,54.54545454545454,135.29411764705884,97.67441860465115,20.0,Mumbai Indians
3a60e0b5,WD Parnell,13,65,80,37,33,5,0,4,0,1,10,0,0,6.5,81.25,6.25,46.25,33.84615384615385,84.48275862068965,62.5,78.57142857142857,Royal Challengers Bengaluru
9ab63e7b,Mohammad Hafeez,8,64,83,50,24,0,0,7,0,2,7,0,0,9.142857142857142,77.10843373493977,10.843373493975903,60.24096385542169,62.5,111.11111111111111,68.42105263157895,77.77777777777779,Kolkata Knight Riders
3cea23da,N Sindhu,5,63,50,22,15,4,0,7,0,2,5,0,0,12.6,126.0,18.0,44.0,63.49206349206349,,125.92592592592592,126.08695652173914,Gujarat Titans
7bb62642,Anirudh Singh,4,63,66,31,23,5,0,6,0,1,4,0,0,15.75,95.45454545454545,10.606060606060606,46.96969696969697,47.61904761904761,92.85714285714286,100.0,90.0,Deccan Chargers
ddc0828d,A Flintoff,3,62,53,20,23,2,1,5,0,2,2,0,0,31.0,116.98113207547169,13.20754716981132,37.735849056603776,51.61290322580645,147.05882352941177,100.0,107.6923076923077,Chennai Super Kings
acc1aeda,SP Jackson,8,61,57,20,27,4,0,5,0,1,6,0,0,10.166666666666666,107.01754385964912,10.526315789473683,35.08771929824561,42.62295081967213,113.33333333333333,94.44444444444444,111.11111111111111,Kolkata Knight Riders
ce820073,Sandeep Sharma,26,60,75,30,38,3,0,4,0,0,6,0,0,10.0,80.0,5.333333333333334,40.0,26.666666666666668,80.0,80.0,,Rajasthan Royals
957532de,S Aravind,10,59,57,24,21,5,0,7,0,0,4,0,0,14.75,103.50877192982458,12.280701754385964,42.10526315789473,47.45762711864407,108.88888888888889,83.33333333333334,,Royal Challengers Bengaluru
77b1aa15,Harshit Rana,10,59,56,32,12,3,1,5,0,3,6,0,0,9.833333333333334,105.35714285714286,14.285714285714285,57.14285714285714,64.40677966101694,88.23529411764706,131.8181818181818,,Kolkata Knight Riders
e38bce7a,MG Bracewell,4,58,47,15,22,3,0,6,0,1,2,0,0,29.0,123.40425531914893,14.893617021276595,31.914893617021278,51.724137931034484,100.0,134.375,100.0,Royal Challengers Bengaluru
5bb1a1c4,I Sharma,21,57,69,37,23,3,0,4,0,2,6,0,0,9.5,82.6086956521739,8.695652173913043,53.62318840579711,49.122807017543856,81.81818181818183,85.71428571428571,,Gujarat Titans
3dba85c2,WA Mota,8,56,75,29,40,4,0,2,0,0,6,0,0,9.333333333333334,74.66666666666667,2.666666666666667,38.666666666666664,14.285714285714285,85.18518518518519,68.75,,Punjab Kings
de8d3876,M Rawat,11,55,69,33,29,2,0,4,0,1,5,0,0,11.0,79.71014492753623,7.246376811594203,47.82608695652174,40.0,88.88888888888889,68.18181818181817,0.0,Pune Warriors
46a9bea1,TU Deshpande,10,54,36,13,12,5,0,2,0,4,4,0,0,13.5,150.0,16.666666666666664,36.11111111111111,59.25925925925925,154.2857142857143,0.0,,Rajasthan Royals
7b44eb3e,Shivang Kumar,6,53,46,19,17,3,0,6,0,1,6,0,0,8.833333333333334,115.21739130434783,15.217391304347828,41.30434782608695,56.60377358490566,141.3793103448276,70.58823529411765,,Sunrisers Hyderabad
7f048519,DJ Willey,5,53,62,34,17,4,0,7,0,0,2,0,0,26.5,85.48387096774194,11.29032258064516,54.83870967741935,52.83018867924528,109.09090909090908,79.3103448275862,54.54545454545454,Royal Challengers Bengaluru
327b58d3,PVD Chameera,11,53,45,19,17,3,0,3,0,3,4,0,0,13.25,117.77777777777779,13.333333333333334,42.22222222222222,56.60377358490566,118.18181818181819,100.0,,Delhi Capitals
e249fdaa,A Chopra,6,53,71,41,21,2,0,7,0,0,6,0,0,8.833333333333334,74.64788732394366,9.859154929577464,57.74647887323944,52.83018867924528,50.0,83.33333333333334,69.23076923076923,Kolkata Knight Riders
c3d1402f,RP Singh,28,52,76,39,31,2,1,2,0,1,15,0,0,3.466666666666667,68.42105263157895,3.9473684210526314,51.31578947368421,26.923076923076923,71.42857142857143,33.33333333333333,,Rising Pune Supergiant
64c34cd0,Shoaib Malik,5,52,47,14,24,4,0,5,0,0,4,0,0,13.0,110.63829787234043,10.638297872340425,29.78723404255319,38.46153846153847,114.28571428571428,100.0,130.76923076923077,Delhi Capitals
23cca426,OF Smith,6,51,44,23,13,2,0,1,0,5,3,0,0,17.0,115.90909090909092,13.636363636363635,52.27272727272727,66.66666666666666,137.14285714285714,33.33333333333333,,Punjab Kings
c38d3503,Shivam Mavi,11,51,56,30,17,3,0,4,0,2,9,0,0,5.666666666666667,91.07142857142857,10.714285714285714,53.57142857142857,54.90196078431373,94.11764705882352,60.0,,Kolkata Knight Riders
7daedf2f,KB Arun Karthik,8,51,51,22,20,3,1,4,0,1,5,0,0,10.2,100.0,9.803921568627452,43.13725490196079,43.13725490196079,86.20689655172413,118.18181818181819,,Royal Challengers Bengaluru
d68e7f48,R Rampaul,7,51,50,24,15,6,0,3,0,2,5,0,0,10.2,102.0,10.0,48.0,47.05882352941176,105.88235294117648,93.75,,Royal Challengers Bengaluru
983f2f61,Swapnil Singh,9,51,45,20,17,2,0,3,0,3,5,0,0,10.2,113.33333333333333,13.333333333333334,44.44444444444444,58.82352941176471,136.8421052631579,96.15384615384616,,Royal Challengers Bengaluru
b2570b38,RV Gomez,9,50,51,25,16,4,0,5,0,1,5,0,0,10.0,98.0392156862745,11.76470588235294,49.01960784313725,52.0,113.63636363636364,0.0,0.0,Pune Warriors
0a3d54b9,VR Aaron,12,50,72,42,22,4,0,2,0,2,5,0,0,10.0,69.44444444444444,5.555555555555555,58.333333333333336,40.0,70.4225352112676,0.0,,Gujarat Titans
0604ef16,SB Bangar,7,49,58,28,25,1,0,1,0,3,7,0,0,7.0,84.48275862068965,6.896551724137931,48.275862068965516,44.89795918367347,139.1304347826087,48.57142857142857,,Kolkata Knight Riders
acdc62f5,A Nortje,14,49,50,24,17,1,2,6,0,0,7,0,0,7.0,98.0,12.0,48.0,48.97959183673469,98.0,,,Lucknow Super Giants
3a02626a,AG Paunikar,5,49,58,38,9,2,0,9,0,0,5,0,0,9.8,84.48275862068965,15.517241379310345,65.51724137931035,73.46938775510205,,,84.48275862068965,Rajasthan Royals
b9be6507,AS Yadav,6,49,39,17,13,2,0,5,0,2,5,0,0,9.8,125.64102564102564,17.94871794871795,43.58974358974359,65.3061224489796,134.48275862068965,100.0,,Deccan Chargers
f836b33d,T Kohler-Cadmore,3,48,54,33,12,1,0,7,0,1,3,0,0,16.0,88.88888888888889,14.814814814814813,61.111111111111114,70.83333333333334,,33.33333333333333,92.15686274509804,Rajasthan Royals
a9fd84fb,M Markande,10,48,42,18,14,4,0,5,0,1,3,0,0,16.0,114.28571428571428,14.285714285714285,42.857142857142854,54.166666666666664,117.07317073170731,0.0,,Mumbai Indians
297b26da,Yashpal Singh,4,47,66,38,20,2,1,5,0,0,4,0,0,11.75,71.21212121212122,7.575757575757576,57.57575757575758,42.5531914893617,130.76923076923077,76.47058823529412,47.22222222222222,Kolkata Knight Riders
926c7443,SU Parakh,4,46,33,14,10,2,0,5,0,2,4,0,0,11.5,139.3939393939394,21.21212121212121,42.42424242424242,69.56521739130434,,115.78947368421053,171.42857142857142,Delhi Capitals
4663bd23,TL Seifert,6,45,41,22,10,1,1,6,0,1,6,0,0,7.5,109.75609756097562,17.073170731707318,53.65853658536586,66.66666666666666,50.0,,116.21621621621621,Kolkata Knight Riders
df064e1a,Ravi Bishnoi,18,45,69,44,18,2,1,2,0,2,12,0,0,3.75,65.21739130434783,5.797101449275362,63.76811594202898,44.44444444444444,70.58823529411765,50.0,,Rajasthan Royals
caf69bf7,DR Sams,13,44,44,22,14,4,0,1,0,3,9,0,0,4.888888888888889,100.0,9.090909090909092,50.0,50.0,112.5,114.28571428571428,16.666666666666664,Mumbai Indians
11614d87,D Pretorius,5,44,28,10,10,2,0,3,0,3,4,0,0,11.0,157.14285714285714,21.428571428571427,35.714285714285715,68.18181818181817,157.14285714285714,,,Chennai Super Kings
b8527c3d,Rasikh Salam,7,43,42,19,14,3,1,5,0,0,5,0,0,8.6,102.38095238095238,11.904761904761903,45.23809523809524,46.51162790697674,118.5185185185185,73.33333333333333,,Royal Challengers Bengaluru
30e37810,Sunny Singh,5,43,31,12,11,1,0,6,0,1,4,0,0,10.75,138.70967741935485,22.58064516129032,38.70967741935484,69.76744186046511,77.77777777777779,150.0,187.5,Punjab Kings
d3a3e82d,AB Barath,3,42,42,21,14,1,0,5,0,1,2,0,0,21.0,100.0,14.285714285714285,50.0,61.904761904761905,40.0,95.65217391304348,128.57142857142858,Punjab Kings
3d7e087f,SK Trivedi,14,42,59,35,16,4,0,3,0,1,7,0,0,6.0,71.1864406779661,6.779661016949152,59.32203389830508,42.857142857142854,72.41379310344827,0.0,,Rajasthan Royals
96fd40ae,A Nehra,17,41,62,36,21,1,0,3,0,1,7,0,0,5.857142857142857,66.12903225806451,6.451612903225806,58.06451612903226,43.90243902439025,66.12903225806451,,,Sunrisers Hyderabad
81049310,J Yadav,4,40,36,12,16,5,0,2,0,1,4,0,0,10.0,111.11111111111111,8.333333333333332,33.33333333333333,35.0,114.81481481481481,100.0,,Gujarat Titans
3b53243a,XC Bartlett,4,40,28,10,10,3,0,3,0,2,2,0,0,20.0,142.85714285714286,17.857142857142858,35.714285714285715,60.0,214.28571428571428,71.42857142857143,,Punjab Kings
272d796e,BR Dunk,3,40,35,19,6,3,0,7,0,0,3,0,0,13.333333333333334,114.28571428571428,20.0,54.285714285714285,70.0,,,114.28571428571428,Mumbai Indians
1be70c88,LPC Silva,3,40,26,9,8,3,0,5,0,1,2,0,0,20.0,153.84615384615387,23.076923076923077,34.61538461538461,65.0,229.99999999999997,88.88888888888889,128.57142857142858,Deccan Chargers
16dfcc19,Umar Gul,4,39,19,8,5,0,0,1,0,5,3,0,0,13.0,205.26315789473685,31.57894736842105,42.10526315789473,87.17948717948718,205.26315789473685,,,Kolkata Knight Riders
7d3937ed,DJ Thornely,4,39,53,30,19,0,0,2,0,2,3,0,0,13.0,73.58490566037736,7.547169811320755,56.60377358490566,51.28205128205128,,106.06060606060606,20.0,Mumbai Indians
9d80c5e1,S Nadeem,20,39,87,57,25,3,0,2,0,0,14,0,0,2.7857142857142856,44.827586206896555,2.2988505747126435,65.51724137931035,20.51282051282051,45.45454545454545,42.857142857142854,,Sunrisers Hyderabad
f0f628c7,MM Patel,12,39,41,18,17,1,0,5,0,0,6,0,0,6.5,95.1219512195122,12.195121951219512,43.90243902439025,51.28205128205128,102.63157894736842,0.0,,Gujarat Lions
3ae3f034,AUK Pathan,7,39,23,11,3,2,0,5,0,2,5,0,0,7.8,169.56521739130434,30.434782608695656,47.82608695652174,82.05128205128204,140.0,137.5,280.0,Royal Challengers Bengaluru
287686fd,S Narwal,4,37,27,10,9,2,0,6,0,0,3,0,0,12.333333333333334,137.03703703703704,22.22222222222222,37.03703703703704,64.86486486486487,138.88888888888889,133.33333333333331,,Kolkata Knight Riders
57ee1fde,YS Chahal,16,37,86,54,28,3,1,0,0,0,7,0,0,5.285714285714286,43.02325581395349,0.0,62.7906976744186,0.0,52.38095238095239,17.391304347826086,,Punjab Kings
2af1b6d2,AN Ahmed,6,36,26,10,8,3,0,4,0,1,1,0,0,36.0,138.46153846153845,19.230769230769234,38.46153846153847,61.111111111111114,138.46153846153845,,,Royal Challengers Bengaluru
b2b50355,L Balaji,13,36,49,28,15,2,1,2,0,1,8,0,0,4.5,73.46938775510205,6.122448979591836,57.14285714285714,38.88888888888889,77.77777777777779,25.0,,Punjab Kings
69be866a,Anureet Singh,8,36,47,22,22,0,0,2,0,1,4,0,0,9.0,76.59574468085107,6.382978723404255,46.808510638297875,38.88888888888889,84.21052631578947,44.44444444444444,,Rajasthan Royals
dfc4d8b5,KW Richardson,4,36,39,17,16,3,0,2,0,1,3,0,0,12.0,92.3076923076923,7.6923076923076925,43.58974358974359,38.88888888888889,80.95238095238095,105.55555555555556,,Royal Challengers Bengaluru
64d43928,Sohail Tanvir,5,36,29,9,14,2,0,3,0,1,3,0,0,12.0,124.13793103448276,13.793103448275861,31.03448275862069,50.0,109.09090909090908,110.00000000000001,162.5,Rajasthan Royals
9f961c14,Joginder Sharma,5,36,30,10,14,3,0,1,0,2,4,0,0,9.0,120.0,10.0,33.33333333333333,44.44444444444444,128.57142857142858,0.0,,Chennai Super Kings
f4f0fafd,B Sumanth,4,35,37,14,17,3,0,3,0,0,1,0,0,35.0,94.5945945945946,8.108108108108109,37.83783783783784,34.285714285714285,100.0,81.81818181818183,,Deccan Chargers
ba6b2f91,RA Bawa,4,35,32,13,8,8,1,2,0,0,3,0,0,11.666666666666666,109.375,6.25,40.625,22.857142857142858,133.33333333333331,84.61538461538461,0.0,Mumbai Indians
e2db2409,M Ashwin,12,35,50,27,19,1,0,2,0,1,9,0,0,3.888888888888889,70.0,6.0,54.0,40.0,81.08108108108108,38.46153846153847,,Rajasthan Royals
0c2730df,A Kumble,15,35,47,22,21,1,0,3,0,0,3,0,0,11.666666666666666,74.46808510638297,6.382978723404255,46.808510638297875,34.285714285714285,80.95238095238095,20.0,,Royal Challengers Bengaluru
0fa5042b,L Ronchi,5,34,34,23,4,0,0,6,0,1,5,0,0,6.8,100.0,20.588235294117645,67.64705882352942,88.23529411764706,,,100.0,Mumbai Indians
6b8eb6e5,S Sreesanth,12,34,55,41,6,2,0,6,0,0,4,0,0,8.5,61.81818181818181,10.909090909090908,74.54545454545455,70.58823529411765,61.81818181818181,,,Rajasthan Royals
dbc50253,AP Dole,2,34,22,6,8,4,0,3,0,1,2,0,0,17.0,154.54545454545453,18.181818181818183,27.27272727272727,52.94117647058824,165.0,50.0,,Rajasthan Royals
66cf56a5,A Mithun,6,34,26,11,8,2,0,4,0,1,5,0,0,6.8,130.76923076923077,19.230769230769234,42.30769230769231,64.70588235294117,135.71428571428572,125.0,,Royal Challengers Bengaluru
21d4e29b,Navdeep Saini,7,33,37,16,15,3,0,3,0,0,4,0,0,8.25,89.1891891891892,8.108108108108109,43.24324324324324,36.36363636363637,103.7037037037037,55.55555555555556,0.0,Kolkata Knight Riders
acee4cc4,Imran Tahir,8,33,37,21,9,2,0,5,0,0,4,0,0,8.25,89.1891891891892,13.513513513513514,56.75675675675676,60.60606060606061,93.54838709677419,66.66666666666666,,Chennai Super Kings
0264c10e,D Salunkhe,3,33,24,8,9,2,0,5,0,0,2,0,0,16.5,137.5,20.833333333333336,33.33333333333333,60.60606060606061,147.05882352941177,114.28571428571428,,Rajasthan Royals
871e9faf,Basil Thampi,7,32,35,14,16,3,0,1,0,1,1,0,0,32.0,91.42857142857143,5.714285714285714,40.0,31.25,96.66666666666667,60.0,,Mumbai Indians
244048f6,Arshdeep Singh,14,32,47,31,9,2,1,4,0,0,6,0,0,5.333333333333333,68.08510638297872,8.51063829787234,65.95744680851064,50.0,63.63636363636363,133.33333333333331,,Punjab Kings
26ff4c29,RJ Peterson,5,32,30,13,12,1,0,3,0,1,3,0,0,10.666666666666666,106.66666666666667,13.333333333333334,43.333333333333336,56.25,118.75,92.85714285714286,,Mumbai Indians
69d03465,AT Carey,3,32,29,8,14,6,0,0,0,1,2,0,0,16.0,110.34482758620689,3.4482758620689653,27.586206896551722,18.75,110.34482758620689,,,Delhi Capitals
efc04be7,Noor Ahmad,15,31,58,40,13,2,0,2,0,1,11,0,0,2.8181818181818183,53.44827586206896,5.172413793103448,68.96551724137932,45.16129032258064,68.29268292682927,17.647058823529413,,Chennai Super Kings
aedc3b7c,NS Naik,4,31,50,28,17,3,0,2,0,0,4,0,0,7.75,62.0,4.0,56.00000000000001,25.806451612903224,59.09090909090909,91.66666666666666,43.75,Kolkata Knight Riders
3204c99f,G Coetzee,7,31,33,18,11,0,0,2,0,2,6,0,0,5.166666666666667,93.93939393939394,12.121212121212121,54.54545454545454,64.51612903225806,95.83333333333334,88.88888888888889,,Gujarat Titans
5b7ab5a9,CV Varun,13,31,53,32,17,1,0,3,0,0,6,0,0,5.166666666666667,58.490566037735846,5.660377358490567,60.37735849056604,38.70967741935484,62.0,0.0,,Kolkata Knight Riders
64a4c383,S Sriram,2,31,36,16,15,2,0,3,0,0,2,0,0,15.5,86.11111111111111,8.333333333333332,44.44444444444444,38.70967741935484,,72.0,118.18181818181819,Delhi Capitals
75de770f,T Taibu,3,31,26,9,9,5,0,3,0,0,3,0,0,10.333333333333334,119.23076923076923,11.538461538461538,34.61538461538461,38.70967741935484,150.0,105.55555555555556,,Kolkata Knight Riders
e5437608,GF Linde,3,31,21,10,3,2,0,6,0,0,3,0,0,10.333333333333334,147.61904761904762,28.57142857142857,47.61904761904761,77.41935483870968,147.61904761904762,,,Lucknow Super Giants
d8d67045,Akshat Raghuwanshi,2,29,25,7,13,3,0,1,0,1,2,0,0,14.5,115.99999999999999,8.0,28.000000000000004,34.48275862068966,,115.99999999999999,,Lucknow Super Giants
c64c2443,J Syed Mohammad,5,29,26,10,11,1,0,4,0,0,2,0,0,14.5,111.53846153846155,15.384615384615385,38.46153846153847,55.172413793103445,133.33333333333331,81.81818181818183,,Royal Challengers Bengaluru
6dbcf855,VH Zol,2,29,26,13,7,2,0,3,0,1,2,0,0,14.5,111.53846153846155,15.384615384615385,50.0,62.06896551724138,,140.0,104.76190476190477,Royal Challengers Bengaluru
c8179c68,SB Jakati,5,28,29,11,14,1,0,3,0,0,1,0,0,28.0,96.55172413793103,10.344827586206897,37.93103448275862,42.857142857142854,96.55172413793103,,,Gujarat Lions
b0946605,AS Joseph,5,27,32,16,11,2,0,3,0,0,1,0,0,27.0,84.375,9.375,50.0,44.44444444444444,82.75862068965517,100.0,,Royal Challengers Bengaluru
66b30f71,AB Dinda,16,26,48,29,16,1,0,2,0,0,10,0,0,2.6,54.166666666666664,4.166666666666666,60.416666666666664,30.76923076923077,50.0,75.0,,Rising Pune Supergiant
db31895a,AS Rajpoot,7,26,41,27,10,1,0,2,0,1,5,0,0,5.2,63.41463414634146,7.317073170731707,65.85365853658537,53.84615384615385,69.44444444444444,20.0,,Rajasthan Royals
2d140b79,AA Kulkarni,4,26,33,19,8,3,0,3,0,0,4,0,0,6.5,78.78787878787878,9.090909090909092,57.57575757575758,46.15384615384615,,75.0,80.95238095238095,Lucknow Super Giants
9fc0ef64,PJ Sangwan,14,26,44,24,16,3,0,1,0,0,8,0,0,3.25,59.09090909090909,2.272727272727273,54.54545454545454,15.384615384615385,62.857142857142854,44.44444444444444,,Gujarat Titans
6581d753,JM Kemp,2,26,24,10,9,2,1,1,0,1,2,0,0,13.0,108.33333333333333,8.333333333333332,41.66666666666667,38.46153846153847,50.0,153.84615384615387,66.66666666666666,Chennai Super Kings
5673a3fc,NL McCullum,2,26,22,7,9,4,1,0,0,1,1,0,0,26.0,118.18181818181819,4.545454545454546,31.818181818181817,23.076923076923077,117.64705882352942,120.0,,Pune Warriors
ad9c32a2,DJ Malan,1,26,26,10,12,2,0,1,0,1,1,0,0,26.0,100.0,7.6923076923076925,38.46153846153847,38.46153846153847,,104.16666666666667,50.0,Punjab Kings
0a67aec0,Akash Deep,5,25,14,5,5,0,0,2,0,2,3,0,0,8.333333333333334,178.57142857142858,28.57142857142857,35.714285714285715,80.0,166.66666666666669,250.0,,Lucknow Super Giants
881a9bdd,S Chanderpaul,3,25,31,18,9,0,0,4,0,0,3,0,0,8.333333333333334,80.64516129032258,12.903225806451612,58.06451612903226,64.0,,,80.64516129032258,Royal Challengers Bengaluru
c33d8116,Mohsin Khan,7,25,28,16,7,2,0,2,0,1,5,0,0,5.0,89.28571428571429,10.714285714285714,57.14285714285714,56.00000000000001,96.0,33.33333333333333,,Lucknow Super Giants
18e6906e,A Choudhary,3,25,20,4,13,1,0,1,0,1,1,0,0,25.0,125.0,10.0,20.0,40.0,125.0,,,Royal Challengers Bengaluru
350bb1b1,AF Milne,7,25,31,14,13,3,0,0,0,1,4,0,0,6.25,80.64516129032258,3.225806451612903,45.16129032258064,24.0,86.36363636363636,66.66666666666666,,Rajasthan Royals
b0f2baf4,Sanvir Singh,5,25,21,8,9,1,0,2,0,1,2,0,0,12.5,119.04761904761905,14.285714285714285,38.095238095238095,56.00000000000001,128.57142857142858,0.0,140.0,Sunrisers Hyderabad
0d232ffd,MA Khote,3,24,22,10,8,1,0,2,0,1,2,0,0,12.0,109.09090909090908,13.636363636363635,45.45454545454545,58.333333333333336,120.0,85.71428571428571,,Mumbai Indians
5d2eea49,Kartik Tyagi,9,24,26,14,8,1,0,2,0,1,7,0,0,3.4285714285714284,92.3076923076923,11.538461538461538,53.84615384615385,58.333333333333336,83.33333333333334,200.0,,Kolkata Knight Riders
ff1e12a0,AJ Turner,6,24,28,14,12,0,0,0,0,2,5,0,0,4.8,85.71428571428571,7.142857142857142,50.0,50.0,38.88888888888889,170.0,,Lucknow Super Giants
5724e517,Tanush Kotian,1,24,31,17,10,1,0,3,0,0,1,0,0,24.0,77.41935483870968,9.67741935483871,54.83870967741935,50.0,,54.54545454545454,90.0,Rajasthan Royals
b274dbbd,ER Dwivedi,2,24,14,6,4,0,0,2,0,2,2,0,0,12.0,171.42857142857142,28.57142857142857,42.857142857142854,83.33333333333334,211.11111111111111,,100.0,Gujarat Lions
edb3d4f8,KC Cariappa,5,24,21,8,10,1,0,0,0,2,3,0,0,8.0,114.28571428571428,9.523809523809524,38.095238095238095,50.0,92.3076923076923,150.0,,Kolkata Knight Riders
81c08fa3,Umran Malik,5,23,16,8,3,2,0,1,0,2,2,0,0,11.5,143.75,18.75,50.0,69.56521739130434,143.75,,,Sunrisers Hyderabad
ed5a5510,P Dubey,2,23,33,17,13,1,0,2,0,0,1,0,0,23.0,69.6969696969697,6.0606060606060606,51.515151515151516,34.78260869565217,58.82352941176471,81.25,,Punjab Kings
9868bc75,BMAJ Mendis,3,23,27,8,15,4,0,0,0,0,3,0,0,7.666666666666667,85.18518518518519,0.0,29.629629629629626,0.0,,88.0,50.0,Delhi Capitals
addfb70e,SW Tait,5,23,26,11,13,0,0,1,0,1,3,0,0,7.666666666666667,88.46153846153845,7.6923076923076925,42.30769230769231,43.47826086956522,76.47058823529412,111.11111111111111,,Rajasthan Royals
f663ef00,J Arunkumar,3,23,23,15,3,0,0,5,0,0,3,0,0,7.666666666666667,100.0,21.73913043478261,65.21739130434783,86.95652173913044,,,100.0,Royal Challengers Bengaluru
b4f5c2d9,KL Nagarkoti,7,22,33,16,14,2,0,1,0,0,4,0,0,5.5,66.66666666666666,3.0303030303030303,48.484848484848484,18.181818181818183,80.0,46.15384615384615,,Delhi Capitals
9948e262,HE van der Dussen,3,22,24,11,8,3,0,2,0,0,2,0,0,11.0,91.66666666666666,8.333333333333332,45.83333333333333,36.36363636363637,120.0,71.42857142857143,,Rajasthan Royals
1a2676c5,SA Abbott,3,22,18,10,4,1,0,1,0,2,3,0,0,7.333333333333333,122.22222222222223,16.666666666666664,55.55555555555556,72.72727272727273,146.66666666666666,0.0,,Sunrisers Hyderabad
f708a0bc,GB Hogg,4,22,22,5,14,2,0,1,0,0,3,0,0,7.333333333333333,100.0,4.545454545454546,22.727272727272727,18.181818181818183,100.0,,,Kolkata Knight Riders
3c28853f,Sediqullah Atal,1,22,16,6,6,2,0,0,0,2,1,0,0,22.0,137.5,12.5,37.5,54.54545454545454,,137.5,,Delhi Capitals
249d60c9,AU Rashid,2,22,16,7,4,2,0,2,0,1,2,0,0,11.0,137.5,18.75,43.75,63.63636363636363,133.33333333333331,138.46153846153845,,Sunrisers Hyderabad
4885bbe6,Yudhvir Singh,4,22,16,8,4,1,0,1,0,2,4,0,0,5.5,137.5,18.75,50.0,72.72727272727273,166.66666666666669,50.0,,Rajasthan Royals
fb5f69e4,M Tiwari,2,21,12,3,5,1,0,2,0,1,1,0,0,21.0,175.0,25.0,25.0,66.66666666666666,200.0,50.0,,Delhi Capitals
ff1e68fa,B Indrajith,3,21,30,17,9,2,0,2,0,0,3,0,0,7.0,70.0,6.666666666666667,56.666666666666664,38.095238095238095,,66.66666666666666,70.37037037037037,Kolkata Knight Riders
45c2196c,DE Bollinger,4,21,23,11,9,1,0,1,0,1,1,0,0,21.0,91.30434782608695,8.695652173913043,47.82608695652174,47.61904761904761,91.30434782608695,,,Chennai Super Kings
4d7f517e,AJ Hosein,3,21,13,3,6,1,1,1,0,1,0,0,0,,161.53846153846155,15.384615384615385,23.076923076923077,47.61904761904761,161.53846153846155,,,Chennai Super Kings
57ca01b3,Kumar Kushagra,4,21,21,11,5,2,0,3,0,0,4,0,0,5.25,100.0,14.285714285714285,52.38095238095239,57.14285714285714,0.0,40.0,126.66666666666666,Gujarat Titans
4ba44e19,M Muralitharan,9,20,30,17,9,2,1,1,0,0,6,0,0,3.3333333333333335,66.66666666666666,3.3333333333333335,56.666666666666664,20.0,66.66666666666666,,,Royal Challengers Bengaluru
5f4e9e8f,RR Raje,5,20,18,6,10,0,0,1,0,1,1,0,0,20.0,111.11111111111111,11.11111111111111,33.33333333333333,50.0,111.11111111111111,,,Mumbai Indians
dcf81436,S Kaul,9,20,36,23,8,4,0,1,0,0,4,0,0,5.0,55.55555555555556,2.7777777777777777,63.888888888888886,20.0,55.55555555555556,,,Royal Challengers Bengaluru
b552a935,AC Thomas,4,20,19,8,8,1,0,1,0,1,2,0,0,10.0,105.26315789473684,10.526315789473683,42.10526315789473,50.0,105.26315789473684,,,Pune Warriors
2cdce1be,C Sakariya,7,20,31,21,6,1,0,3,0,0,6,0,0,3.3333333333333335,64.51612903225806,9.67741935483871,67.74193548387096,60.0,70.37037037037037,25.0,,Kolkata Knight Riders
5d1e7582,BKG Mendis,1,20,10,4,2,1,0,1,0,2,1,0,0,20.0,200.0,30.0,40.0,80.0,,0.0,222.22222222222223,Gujarat Titans
44afbf2d,NJ Maddinson,3,20,21,15,1,0,1,4,0,0,3,0,0,6.666666666666667,95.23809523809523,19.047619047619047,71.42857142857143,80.0,,,95.23809523809523,Royal Challengers Bengaluru
de4b0555,R Shukla,4,19,23,10,11,0,0,2,0,0,1,0,0,19.0,82.6086956521739,8.695652173913043,43.47826086956522,42.10526315789473,81.81818181818183,100.0,,Delhi Capitals
bae11797,Y Gnaneswara Rao,1,19,17,8,5,1,0,3,0,0,1,0,0,19.0,111.76470588235294,17.647058823529413,47.05882352941176,63.1578947368421,,100.0,115.38461538461537,Kochi Tuskers Kerala
6165bca6,A Mukund,2,19,22,8,11,2,0,1,0,0,2,0,0,9.5,86.36363636363636,4.545454545454546,36.36363636363637,21.052631578947366,0.0,83.33333333333334,93.33333333333333,Royal Challengers Bengaluru
4d5a1617,R Bishnoi,3,19,17,11,3,0,0,1,0,2,3,0,0,6.333333333333333,111.76470588235294,17.647058823529413,64.70588235294117,84.21052631578947,50.0,0.0,128.57142857142858,Royal Challengers Bengaluru
c1e53c3f,R Smaran,4,19,25,15,7,0,0,3,0,0,3,0,0,6.333333333333333,76.0,12.0,60.0,63.1578947368421,250.0,100.0,52.63157894736842,Sunrisers Hyderabad
9eb1455b,NT Ellis,5,19,25,13,9,2,0,0,0,1,4,0,0,4.75,76.0,4.0,52.0,31.57894736842105,105.55555555555556,0.0,,Chennai Super Kings
03806cf8,JR Hazlewood,8,19,30,15,13,1,0,1,0,0,1,0,0,19.0,63.33333333333333,3.3333333333333335,50.0,21.052631578947366,89.47368421052632,18.181818181818183,,Royal Challengers Bengaluru
9f77963a,Gulbadin Naib,1,19,15,4,9,0,0,1,0,1,1,0,0,19.0,126.66666666666666,13.333333333333334,26.666666666666668,52.63157894736842,150.0,80.0,,Delhi Capitals
69762509,DR Martyn,1,19,24,8,15,0,0,1,0,0,1,0,0,19.0,79.16666666666666,4.166666666666666,33.33333333333333,21.052631578947366,166.66666666666669,72.22222222222221,33.33333333333333,Rajasthan Royals
9a0146b3,P Sahu,2,19,13,4,5,2,0,1,0,1,1,0,0,19.0,146.15384615384613,15.384615384615385,30.76923076923077,52.63157894736842,146.15384615384613,,,Punjab Kings
441c72ae,P Ray Barman,1,19,24,11,11,0,0,2,0,0,1,0,0,19.0,79.16666666666666,8.333333333333332,45.83333333333333,42.10526315789473,0.0,82.6086956521739,,Royal Challengers Bengaluru
c0c411cb,Naveen-ul-Haq,4,18,25,15,6,2,0,2,0,0,1,0,0,18.0,72.0,8.0,60.0,44.44444444444444,85.0,20.0,,Lucknow Super Giants
53fe6ee4,DS Lehmann,2,18,18,9,6,0,0,3,0,0,2,0,0,9.0,100.0,16.666666666666664,50.0,66.66666666666666,,93.33333333333333,133.33333333333331,Rajasthan Royals
6821ac10,JJ van der Wath,3,18,16,7,6,1,0,1,0,1,2,0,0,9.0,112.5,12.5,43.75,55.55555555555556,127.27272727272727,80.0,,Royal Challengers Bengaluru
c7a995d3,R Sai Kishore,4,18,16,8,6,0,0,0,0,2,4,0,0,4.5,112.5,12.5,50.0,66.66666666666666,112.5,,,Gujarat Titans
2a72fd4f,Harmeet Singh,4,18,12,5,2,2,0,3,0,0,4,0,0,4.5,150.0,25.0,41.66666666666667,66.66666666666666,150.0,,,Punjab Kings
75224f22,KMA Paul,5,18,24,15,6,1,0,1,0,1,5,0,0,3.6,75.0,8.333333333333332,62.5,55.55555555555556,75.0,,,Delhi Capitals
9e7225b0,Saurav Chauhan,3,18,15,6,6,1,0,1,0,1,3,0,0,6.0,120.0,13.333333333333334,40.0,55.55555555555556,130.76923076923077,50.0,,Royal Challengers Bengaluru
8998a68f,Sumit Kumar,3,18,24,17,4,0,0,2,0,1,2,0,0,9.0,75.0,12.5,70.83333333333334,77.77777777777779,20.0,133.33333333333331,0.0,Delhi Capitals
44aac2f0,Arjun Tendulkar,2,18,14,3,8,2,0,0,0,1,1,0,0,18.0,128.57142857142858,7.142857142857142,21.428571428571427,33.33333333333333,128.57142857142858,,,Lucknow Super Giants
25f7b7d6,T Banton,2,18,20,11,6,1,0,1,0,1,2,0,0,9.0,90.0,10.0,55.00000000000001,55.55555555555556,,,90.0,Kolkata Knight Riders
6aed7e79,PV Tambe,6,18,39,24,14,0,0,1,0,0,2,0,0,9.0,46.15384615384615,2.564102564102564,61.53846153846154,22.22222222222222,40.0,66.66666666666666,,Gujarat Lions
b0c772ee,BJ Haddin,1,18,11,5,2,1,0,2,0,1,1,0,0,18.0,163.63636363636365,27.27272727272727,45.45454545454545,77.77777777777779,,,163.63636363636365,Kolkata Knight Riders
9170ff49,Parvez Rasool,4,17,20,7,11,1,0,1,0,0,2,0,0,8.5,85.0,5.0,35.0,23.52941176470588,85.0,,,Royal Challengers Bengaluru
f24c6701,M Theekshana,6,17,34,22,11,0,0,0,0,1,3,0,0,5.666666666666667,50.0,2.941176470588235,64.70588235294117,35.294117647058826,68.18181818181817,16.666666666666664,,Rajasthan Royals
1ee08e9a,JA Richardson,3,17,26,16,7,1,0,2,0,0,3,0,0,5.666666666666667,65.38461538461539,7.6923076923076925,61.53846153846154,47.05882352941176,50.0,68.18181818181817,,Delhi Capitals
54e52590,Vijaykumar Vyshak,6,16,16,6,8,1,0,0,0,1,2,0,0,8.0,100.0,6.25,37.5,37.5,100.0,,,Punjab Kings
39ed0d2f,KS Sharma,3,16,25,12,12,0,0,1,0,0,3,0,0,5.333333333333333,64.0,4.0,48.0,25.0,,60.0,66.66666666666666,Lucknow Super Giants
6c6591ab,PP Ojha,19,16,45,30,14,1,0,0,0,0,12,0,0,1.3333333333333333,35.55555555555556,0.0,66.66666666666666,0.0,37.2093023255814,0.0,,Mumbai Indians
dd7e9b3b,YV Dhull,3,16,23,10,12,0,0,1,0,0,3,0,0,5.333333333333333,69.56521739130434,4.3478260869565215,43.47826086956522,25.0,,100.0,22.22222222222222,Delhi Capitals
cfad138c,CK Kapugedera,3,16,23,9,12,2,0,0,0,0,3,0,0,5.333333333333333,69.56521739130434,0.0,39.130434782608695,0.0,75.0,33.33333333333333,,Chennai Super Kings
611926bc,GR Napier,1,15,16,7,5,3,0,1,0,0,1,0,0,15.0,93.75,6.25,43.75,26.666666666666668,125.0,83.33333333333334,,Mumbai Indians
26d76ad9,Virat Singh,2,15,26,14,11,0,0,1,0,0,2,0,0,7.5,57.692307692307686,3.8461538461538463,53.84615384615385,26.666666666666668,,62.5,0.0,Sunrisers Hyderabad
14f96089,A Zampa,5,15,24,12,11,0,0,1,0,0,5,0,0,3.0,62.5,4.166666666666666,50.0,26.666666666666668,60.0,64.28571428571429,,Sunrisers Hyderabad
9601c534,SD Lad,1,15,13,8,2,0,1,1,0,1,1,0,0,15.0,115.38461538461537,15.384615384615385,61.53846153846154,66.66666666666666,,,115.38461538461537,Mumbai Indians
93a17209,VY Mahesh,5,15,27,14,11,2,0,0,0,0,2,0,0,7.5,55.55555555555556,0.0,51.85185185185185,0.0,63.1578947368421,37.5,,Chennai Super Kings
f752db61,JL Pattinson,2,15,13,4,7,0,0,2,0,0,1,0,0,15.0,115.38461538461537,15.384615384615385,30.76923076923077,53.333333333333336,115.38461538461537,,,Mumbai Indians
ac5ae4af,I Udana,4,15,11,4,5,0,0,1,0,1,3,0,0,5.0,136.36363636363635,18.181818181818183,36.36363636363637,66.66666666666666,136.36363636363635,,,Royal Challengers Bengaluru
85e0cf10,M Prasidh Krishna,8,15,31,19,11,0,0,1,0,0,3,0,0,5.0,48.38709677419355,3.225806451612903,61.29032258064516,26.666666666666668,48.38709677419355,,,Gujarat Titans
2eeb4370,C Madan,1,15,19,13,3,0,0,3,0,0,1,0,0,15.0,78.94736842105263,15.789473684210526,68.42105263157895,80.0,,,78.94736842105263,Mumbai Indians
465aa633,N Burger,3,14,9,2,5,0,1,0,0,1,1,0,0,14.0,155.55555555555557,11.11111111111111,22.22222222222222,42.857142857142854,155.55555555555557,,,Rajasthan Royals
35f173a0,MP Breetzke,1,14,12,7,2,1,0,1,0,1,1,0,0,14.0,116.66666666666667,16.666666666666664,58.333333333333336,71.42857142857143,,,116.66666666666667,Lucknow Super Giants
b52ffbbd,FA Allen,3,14,19,9,8,1,0,1,0,0,2,0,0,7.0,73.68421052631578,5.263157894736842,47.368421052631575,28.57142857142857,84.61538461538461,50.0,,Mumbai Indians
f21043a5,MDKJ Perera,2,14,13,8,2,0,0,3,0,0,2,0,0,7.0,107.6923076923077,23.076923076923077,61.53846153846154,85.71428571428571,,,107.6923076923077,Rajasthan Royals
dce2019b,F Behardien,3,14,13,5,6,0,0,2,0,0,2,0,0,7.0,107.6923076923077,15.384615384615385,38.46153846153847,57.14285714285714,116.66666666666667,0.0,,Punjab Kings
7c3c0337,Auqib Nabi,2,14,4,1,0,0,0,2,0,1,1,0,0,14.0,350.0,75.0,25.0,100.0,333.33333333333337,400.0,,Delhi Capitals
f48cf4da,DT Patil,2,13,13,5,5,2,0,1,0,0,2,0,0,6.5,100.0,7.6923076923076925,38.46153846153847,30.76923076923077,400.0,75.0,,Royal Challengers Bengaluru
faa7365d,DR Shorey,2,13,17,9,7,0,0,0,0,1,2,0,0,6.5,76.47058823529412,5.88235294117647,52.94117647058824,46.15384615384615,,76.47058823529412,,Chennai Super Kings
0a8fce53,Mustafizur Rahman,7,13,24,16,7,0,0,0,0,1,2,0,0,6.5,54.166666666666664,4.166666666666666,66.66666666666666,46.15384615384615,54.166666666666664,,,Delhi Capitals
76388dc8,S Badree,5,13,23,12,9,2,0,0,0,0,5,0,0,2.6,56.52173913043478,0.0,52.17391304347826,0.0,57.14285714285714,55.55555555555556,,Royal Challengers Bengaluru
25228673,Harsh Dubey,4,13,9,3,3,1,0,2,0,0,2,0,0,6.5,144.44444444444443,22.22222222222222,33.33333333333333,61.53846153846154,144.44444444444443,,,Sunrisers Hyderabad
a9da7784,KJ Abbott,3,13,8,3,2,1,1,0,0,1,1,0,0,13.0,162.5,12.5,37.5,46.15384615384615,185.71428571428572,0.0,,Punjab Kings
afe3355a,AR Bawne,1,12,12,4,6,1,0,1,0,0,0,0,0,,100.0,8.333333333333332,33.33333333333333,33.33333333333333,100.0,,,Delhi Capitals
f12fe2a1,T Dahiya,2,12,15,9,4,0,0,2,0,0,2,0,0,6.0,80.0,13.333333333333334,60.0,66.66666666666666,91.66666666666666,33.33333333333333,,Kolkata Knight Riders
f6d8a7ab,K Kartikeya,4,12,17,9,6,1,0,1,0,0,4,0,0,3.0,70.58823529411765,5.88235294117647,52.94117647058824,33.33333333333333,76.92307692307693,50.0,,Rajasthan Royals
1647bd37,Karanveer Singh,4,12,17,9,6,1,0,1,0,0,1,0,0,12.0,70.58823529411765,5.88235294117647,52.94117647058824,33.33333333333333,80.0,57.14285714285714,,Punjab Kings
7d92277a,Mujeeb Ur Rahman,6,12,15,9,4,0,0,2,0,0,3,0,0,4.0,80.0,13.333333333333334,60.0,66.66666666666666,91.66666666666666,33.33333333333333,,Mumbai Indians
27e71d47,K Upadhyay,2,12,9,3,4,1,0,0,0,1,0,0,0,,133.33333333333331,11.11111111111111,33.33333333333333,50.0,133.33333333333331,,,Pune Warriors
bafd0398,R Minz,4,12,19,11,6,1,0,1,0,0,3,0,0,4.0,63.1578947368421,5.263157894736842,57.89473684210527,33.33333333333333,150.0,40.0,,Mumbai Indians
b2ae53f5,T Thushara,4,12,18,9,6,3,0,0,0,0,2,0,0,6.0,66.66666666666666,0.0,50.0,0.0,66.66666666666666,,,Chennai Super Kings
cd8d2859,DG Nalkande,2,12,12,5,6,0,0,0,0,1,2,0,0,6.0,100.0,8.333333333333332,41.66666666666667,50.0,0.0,109.09090909090908,,Gujarat Titans
29d72eb2,AA Chavan,3,12,11,5,4,0,0,2,0,0,2,0,0,6.0,109.09090909090908,18.181818181818183,45.45454545454545,66.66666666666666,137.5,33.33333333333333,,Rajasthan Royals
8d92a2c3,MA Wood,3,12,8,4,2,0,0,1,0,1,2,0,0,6.0,150.0,25.0,50.0,83.33333333333334,150.0,,,Lucknow Super Giants
2e9fdf9b,DAJ Bracewell,1,12,9,1,6,1,0,1,0,0,0,0,0,,133.33333333333331,11.11111111111111,11.11111111111111,33.33333333333333,133.33333333333331,,,Delhi Capitals
40caa465,T Kohli,3,11,19,13,5,0,0,0,0,1,3,0,0,3.6666666666666665,57.89473684210527,5.263157894736842,68.42105263157895,54.54545454545454,57.14285714285714,,58.333333333333336,Punjab Kings
0a4ebc61,T Henderson,2,11,16,11,3,1,0,0,0,1,2,0,0,5.5,68.75,6.25,68.75,54.54545454545454,,150.0,20.0,Rajasthan Royals
20a941bb,M Ntini,2,11,18,14,1,1,0,2,0,0,1,0,0,11.0,61.111111111111114,11.11111111111111,77.77777777777779,72.72727272727273,61.111111111111114,,,Chennai Super Kings
e0351c86,DNT Zoysa,2,11,9,3,3,2,0,1,0,0,1,0,0,11.0,122.22222222222223,11.11111111111111,33.33333333333333,36.36363636363637,125.0,100.0,,Deccan Chargers
30df8c66,Simarjeet Singh,6,10,15,7,6,2,0,0,0,0,3,0,0,3.3333333333333335,66.66666666666666,0.0,46.666666666666664,0.0,66.66666666666666,66.66666666666666,,Sunrisers Hyderabad
ef5da05c,AG Murtaza,3,10,14,7,6,0,0,1,0,0,1,0,0,10.0,71.42857142857143,7.142857142857142,50.0,40.0,71.42857142857143,,,Pune Warriors
e48a4814,Krish Bhagat,2,10,21,12,8,1,0,0,0,0,1,0,0,10.0,47.61904761904761,0.0,57.14285714285714,0.0,46.15384615384615,50.0,,Mumbai Indians
d7a57f75,D du Preez,1,10,13,5,6,2,0,0,0,0,1,0,0,10.0,76.92307692307693,0.0,38.46153846153847,0.0,77.77777777777779,75.0,,Royal Challengers Bengaluru
4c4fa80b,SMSM Senanayake,4,10,17,8,8,1,0,0,0,0,1,0,0,10.0,58.82352941176471,0.0,47.05882352941176,0.0,58.82352941176471,,,Kolkata Knight Riders
1763bc6c,X Thalaivan Sargunam,1,10,17,9,6,2,0,0,0,0,1,0,0,10.0,58.82352941176471,0.0,52.94117647058824,0.0,66.66666666666666,57.14285714285714,,Sunrisers Hyderabad
d8b2f218,BB Sran,7,10,14,5,8,1,0,0,0,0,1,0,0,10.0,71.42857142857143,0.0,35.714285714285715,0.0,71.42857142857143,,,Mumbai Indians
2cffab74,Mukesh Kumar,5,10,18,8,10,0,0,0,0,0,1,0,0,10.0,55.55555555555556,0.0,44.44444444444444,0.0,55.55555555555556,,,Delhi Capitals
7c3b3b78,VG Arora,11,10,27,18,8,1,0,0,0,0,4,0,0,2.5,37.03703703703704,0.0,66.66666666666666,0.0,50.0,0.0,,Kolkata Knight Riders
78eb4223,KAJ Roach,1,10,9,3,4,1,0,1,0,0,1,0,0,10.0,111.11111111111111,11.11111111111111,33.33333333333333,40.0,71.42857142857143,250.0,,Deccan Chargers
5748e866,TD Paine,2,10,26,16,10,0,0,0,0,0,2,0,0,5.0,38.46153846153847,0.0,61.53846153846154,0.0,,,38.46153846153847,Pune Warriors
dec8e038,J Theron,4,10,12,5,6,0,0,1,0,0,2,0,0,5.0,83.33333333333334,8.333333333333332,41.66666666666667,40.0,83.33333333333334,,,Rajasthan Royals
a343262c,JE Root,1,10,15,8,6,0,0,1,0,0,1,0,0,10.0,66.66666666666666,6.666666666666667,53.333333333333336,40.0,,,66.66666666666666,Rajasthan Royals
b63e358a,RK Bhui,4,10,26,18,6,2,0,0,0,0,4,0,0,2.5,38.46153846153847,0.0,69.23076923076923,0.0,0.0,55.55555555555556,0.0,Delhi Capitals
65b6943c,L Wood,1,9,3,0,1,1,0,0,0,1,0,0,0,,300.0,33.33333333333333,0.0,66.66666666666666,300.0,,,Mumbai Indians
63bff7f9,SM Harwood,2,9,14,7,5,2,0,0,0,0,0,0,0,,64.28571428571429,0.0,50.0,0.0,64.28571428571429,,,Rajasthan Royals
b69e69ed,AA Noffke,1,9,10,4,5,0,0,1,0,0,1,0,0,9.0,90.0,10.0,40.0,44.44444444444444,,90.0,,Royal Challengers Bengaluru
c96f6ac5,PWA Mulder,1,9,11,5,5,0,0,1,0,0,1,0,0,9.0,81.81818181818183,9.090909090909092,45.45454545454545,44.44444444444444,100.0,0.0,,Sunrisers Hyderabad
94eac556,CJ McKay,1,8,15,8,6,1,0,0,0,0,1,0,0,8.0,53.333333333333336,0.0,53.333333333333336,0.0,,53.333333333333336,,Mumbai Indians
8ac93ca2,P Chopra,1,8,6,4,0,0,0,2,0,0,1,0,0,8.0,133.33333333333331,33.33333333333333,66.66666666666666,100.0,,133.33333333333331,,Rajasthan Royals
d1c94b25,CK Langeveldt,2,8,9,6,2,0,0,0,0,1,2,0,0,4.0,88.88888888888889,11.11111111111111,66.66666666666666,75.0,140.0,25.0,,Royal Challengers Bengaluru
107c26fb,KT Maphaka,1,8,2,0,0,0,0,2,0,0,0,0,0,,400.0,100.0,0.0,100.0,400.0,,,Rajasthan Royals
99ed60f8,JPR Scantlebury-Searles,2,8,6,3,2,0,0,0,0,1,1,0,0,8.0,133.33333333333331,16.666666666666664,50.0,75.0,133.33333333333331,,,Kolkata Knight Riders
d7b3a420,Jaskaran Singh,4,8,11,5,4,2,0,0,0,0,1,0,0,8.0,72.72727272727273,0.0,45.45454545454545,0.0,77.77777777777779,50.0,,Deccan Chargers
765a4731,Mukesh Choudhary,3,8,8,4,2,1,0,1,0,0,1,0,0,8.0,100.0,12.5,50.0,50.0,100.0,100.0,,Chennai Super Kings
a76d10ba,TM Srivastava,3,8,11,5,5,0,1,0,0,0,1,0,0,8.0,72.72727272727273,0.0,45.45454545454545,0.0,85.71428571428571,50.0,,Punjab Kings
245c97cb,TS Mills,5,8,14,11,2,0,0,0,0,1,4,0,0,2.0,57.14285714285714,7.142857142857142,78.57142857142857,75.0,66.66666666666666,40.0,,Mumbai Indians
83c3e8e3,SH Johnson,6,8,12,7,4,0,0,1,0,0,1,0,0,8.0,66.66666666666666,8.333333333333332,58.333333333333336,50.0,77.77777777777779,33.33333333333333,,Chennai Super Kings
529eb9e0,OC McCoy,1,8,5,2,2,0,0,0,0,1,1,0,0,8.0,160.0,20.0,40.0,75.0,160.0,,,Rajasthan Royals
4bd09374,Akash Madhwal,2,8,14,7,6,1,0,0,0,0,0,0,0,,57.14285714285714,0.0,50.0,0.0,66.66666666666666,40.0,,Rajasthan Royals
f18ba07f,Ankit Soni,3,7,9,7,1,0,0,0,0,1,2,0,0,3.5,77.77777777777779,11.11111111111111,77.77777777777779,85.71428571428571,77.77777777777779,,,Gujarat Lions
5f26df4f,VS Malik,2,7,7,3,3,0,0,1,0,0,1,0,0,7.0,100.0,14.285714285714285,42.857142857142854,57.14285714285714,100.0,,,Rajasthan Royals
60aa2db3,LG Pretorius,2,7,8,3,3,2,0,0,0,0,2,0,0,3.5,87.5,0.0,37.5,0.0,125.0,100.0,0.0,Rajasthan Royals
91b9300b,UA Birla,1,7,14,10,3,0,0,1,0,0,1,0,0,7.0,50.0,7.142857142857142,71.42857142857143,57.14285714285714,,20.0,66.66666666666666,Pune Warriors
03a83c50,V Viyaskanth,1,7,5,0,4,0,1,0,0,0,0,0,0,,140.0,0.0,0.0,0.0,140.0,,,Sunrisers Hyderabad
5750bcb4,E Malinga,3,7,17,10,7,0,0,0,0,0,1,0,0,7.0,41.17647058823529,0.0,58.82352941176471,0.0,46.15384615384615,25.0,,Sunrisers Hyderabad
e84ac20c,MJ Henry,2,7,10,6,3,0,0,1,0,0,2,0,0,3.5,70.0,10.0,60.0,57.14285714285714,40.0,100.0,,Chennai Super Kings
641ac5ff,IS Sodhi,2,7,17,10,7,0,0,0,0,0,2,0,0,3.5,41.17647058823529,0.0,58.82352941176471,0.0,50.0,28.57142857142857,,Rajasthan Royals
e32d22f6,Pankaj Singh,5,7,12,6,5,1,0,0,0,0,2,0,0,3.5,58.333333333333336,0.0,50.0,0.0,58.333333333333336,,,Rajasthan Royals
943fd425,I Malhotra,1,7,4,0,3,0,0,1,0,0,0,0,0,,175.0,25.0,0.0,57.14285714285714,175.0,,,Deccan Chargers
7023d182,AN Ghosh,2,7,8,5,1,1,0,1,0,0,2,0,0,3.5,87.5,12.5,62.5,57.14285714285714,,0.0,100.0,Kolkata Knight Riders
4933f499,JP Behrendorff,2,6,9,3,6,0,0,0,0,0,0,0,0,,66.66666666666666,0.0,33.33333333333333,0.0,66.66666666666666,,,Mumbai Indians
ada15e88,PSP Handscomb,1,6,12,6,6,0,0,0,0,0,1,0,0,6.0,50.0,0.0,50.0,0.0,,50.0,,Rising Pune Supergiant
670709ec,SB Joshi,2,6,14,8,6,0,0,0,0,0,2,0,0,3.0,42.857142857142854,0.0,57.14285714285714,0.0,0.0,46.15384615384615,,Royal Challengers Bengaluru
14b14cd8,DM Bravo,1,6,5,2,2,0,0,1,0,0,0,0,0,,120.0,20.0,40.0,66.66666666666666,120.0,,,Kolkata Knight Riders
6c79c098,DA Payne,1,6,5,1,2,2,0,0,0,0,0,0,0,,120.0,0.0,20.0,0.0,120.0,,,Sunrisers Hyderabad
dc4686e6,BA Bhatt,2,6,7,6,0,0,0,0,0,1,1,0,0,6.0,85.71428571428571,14.285714285714285,85.71428571428571,100.0,85.71428571428571,,,Punjab Kings
5f5d3ad4,SS Shaikh,1,6,7,4,2,0,0,1,0,0,1,0,0,6.0,85.71428571428571,14.285714285714285,57.14285714285714,66.66666666666666,,85.71428571428571,,Kolkata Knight Riders
6834d1f2,B Stanlake,1,5,2,0,1,0,0,1,0,0,0,0,0,,250.0,50.0,0.0,80.0,250.0,,,Sunrisers Hyderabad
b2a79f17,B Laughlin,4,5,13,8,5,0,0,0,0,0,2,0,0,2.5,38.46153846153847,0.0,61.53846153846154,0.0,33.33333333333333,42.857142857142854,,Rajasthan Royals
b1ad996b,MP Yadav,1,5,5,3,1,0,0,1,0,0,1,0,0,5.0,100.0,20.0,60.0,80.0,100.0,,,Lucknow Super Giants
2049f3a0,SJ Srivastava,4,5,5,1,3,1,0,0,0,0,1,0,0,5.0,100.0,0.0,20.0,0.0,100.0,,,Punjab Kings
6f49cc6e,Shivam Sharma,2,5,3,1,1,0,0,1,0,0,1,0,0,5.0,166.66666666666669,33.33333333333333,33.33333333333333,80.0,166.66666666666669,,,Punjab Kings
1a0c3177,P Awana,5,5,14,9,5,0,0,0,0,0,2,0,0,2.5,35.714285714285715,0.0,64.28571428571429,0.0,35.714285714285715,,,Punjab Kings
469ea22b,KMDN Kulasekara,1,5,3,1,1,0,0,1,0,0,0,0,0,,166.66666666666669,33.33333333333333,33.33333333333333,80.0,166.66666666666669,,,Chennai Super Kings
280fff14,Sakib Hussain,1,5,7,5,1,0,0,1,0,0,0,0,0,,71.42857142857143,14.285714285714285,71.42857142857143,80.0,71.42857142857143,,,Sunrisers Hyderabad
80b2fb19,Prince Yadav,3,5,11,6,5,0,0,0,0,0,0,0,0,,45.45454545454545,0.0,54.54545454545454,0.0,45.45454545454545,,,Lucknow Super Giants
e9c7f0d0,Fazalhaq Farooqi,3,5,15,10,5,0,0,0,0,0,0,0,0,,33.33333333333333,0.0,66.66666666666666,0.0,33.33333333333333,,,Rajasthan Royals
11061889,SR Dubey,1,4,2,1,0,0,0,1,0,0,0,0,0,,200.0,50.0,50.0,100.0,200.0,,,Kolkata Knight Riders
0404d43c,Liton Das,1,4,4,3,0,0,0,1,0,0,1,0,0,4.0,100.0,25.0,75.0,100.0,,,100.0,Kolkata Knight Riders
c404f58a,DP Nannes,2,4,13,9,4,0,0,0,0,0,1,0,0,4.0,30.76923076923077,0.0,69.23076923076923,0.0,22.22222222222222,50.0,,Chennai Super Kings
99b202b3,A Chandila,2,4,7,3,4,0,0,0,0,0,0,0,0,,57.14285714285714,0.0,42.857142857142854,0.0,57.14285714285714,,,Rajasthan Royals
f834dcfc,L Ngidi,4,4,9,6,2,1,0,0,0,0,2,0,0,2.0,44.44444444444444,0.0,66.66666666666666,0.0,44.44444444444444,,,Delhi Capitals
342d8ade,CRD Fernando,2,4,3,0,2,1,0,0,0,0,0,0,0,,133.33333333333331,0.0,0.0,0.0,133.33333333333331,,,Mumbai Indians
ee7d0c82,GD McGrath,2,4,5,4,0,0,0,1,0,0,1,0,0,4.0,80.0,20.0,80.0,100.0,80.0,,,Delhi Capitals
a7c226e1,FH Edwards,2,4,5,3,1,0,1,0,0,0,1,0,0,4.0,80.0,0.0,60.0,0.0,80.0,,,Deccan Chargers
5b16a806,A Dananjaya,1,4,5,2,2,1,0,0,0,0,0,0,0,,80.0,0.0,40.0,0.0,80.0,,,Mumbai Indians
a3ecf01f,RS Sodhi,1,4,2,1,0,0,0,1,0,0,0,0,0,,200.0,50.0,50.0,100.0,200.0,,,Punjab Kings
aa5d8c9e,A Tomar,1,4,8,7,0,0,0,1,0,0,1,0,0,4.0,50.0,12.5,87.5,100.0,,,50.0,Kolkata Knight Riders
ce794613,T Natarajan,3,4,7,3,4,0,0,0,0,0,0,0,0,,57.14285714285714,0.0,42.857142857142854,0.0,57.14285714285714,,,Delhi Capitals
7210d461,Yash Dayal,4,4,9,6,2,1,0,0,0,0,3,0,0,1.3333333333333333,44.44444444444444,0.0,66.66666666666666,0.0,50.0,0.0,,Royal Challengers Bengaluru
fdcb08c2,A Uniyal,2,4,7,3,4,0,0,0,0,0,1,0,0,4.0,57.14285714285714,0.0,42.857142857142854,0.0,57.14285714285714,,,Rajasthan Royals
548516a6,Ravi Singh,1,4,2,1,0,0,0,1,0,0,1,0,0,4.0,200.0,50.0,50.0,100.0,,200.0,,Rajasthan Royals
034b4b7d,VRV Singh,2,4,3,2,0,0,0,1,0,0,2,0,0,2.0,133.33333333333331,33.33333333333333,66.66666666666666,100.0,133.33333333333331,,,Punjab Kings
4180d897,JE Taylor,2,3,3,1,1,1,0,0,0,0,1,0,0,3.0,100.0,0.0,33.33333333333333,0.0,100.0,,,Pune Warriors
ece7b6b3,PP Hinge,2,3,9,7,1,1,0,0,0,0,1,0,0,3.0,33.33333333333333,0.0,77.77777777777779,0.0,0.0,37.5,,Sunrisers Hyderabad
33cb3411,Younis Khan,1,3,7,4,3,0,0,0,0,0,1,0,0,3.0,42.857142857142854,0.0,57.14285714285714,0.0,,,42.857142857142854,Rajasthan Royals
8db7f47f,RJW Topley,1,3,6,3,3,0,0,0,0,0,0,0,0,,50.0,0.0,50.0,0.0,50.0,,,Mumbai Indians
6ef60d3a,Kamran Khan,1,3,5,3,1,1,0,0,0,0,1,0,0,3.0,60.0,0.0,60.0,0.0,0.0,75.0,,Pune Warriors
e03b66ec,Mohammad Asif,2,3,6,3,3,0,0,0,0,0,2,0,0,1.5,50.0,0.0,50.0,0.0,33.33333333333333,66.66666666666666,,Delhi Capitals
94bc776b,D Kalyankrishna,1,3,8,5,3,0,0,0,0,0,1,0,0,3.0,37.5,0.0,62.5,0.0,37.5,,,Deccan Chargers
c24a2c5d,S Tyagi,1,3,4,1,3,0,0,0,0,0,1,0,0,3.0,75.0,0.0,25.0,0.0,75.0,,,Chennai Super Kings
13fc5c6d,DS Rathi,3,3,8,5,3,0,0,0,0,0,1,0,0,3.0,37.5,0.0,62.5,0.0,37.5,,,Lucknow Super Giants
ce4cc4d5,R Ninan,1,3,6,3,3,0,0,0,0,0,1,0,0,3.0,50.0,0.0,50.0,0.0,50.0,,,Royal Challengers Bengaluru
ea0cdc12,BAW Mendis,3,3,6,3,3,0,0,0,0,0,2,0,0,1.5,50.0,0.0,50.0,0.0,50.0,,,Pune Warriors
a316d663,GC Viljoen,3,3,7,5,1,1,0,0,0,0,2,0,0,1.5,42.857142857142854,0.0,71.42857142857143,0.0,42.857142857142854,,,Punjab Kings
9e6032fa,DV Malewar,2,2,5,3,2,0,0,0,0,0,2,0,0,1.0,40.0,0.0,60.0,0.0,,,40.0,Mumbai Indians
a2f46292,KK Ahmed,6,2,9,7,2,0,0,0,0,0,5,0,0,0.4,22.22222222222222,0.0,77.77777777777779,0.0,22.22222222222222,,,Chennai Super Kings
9ca68676,AM Ghazanfar,1,2,3,1,2,0,0,0,0,0,0,0,0,,66.66666666666666,0.0,33.33333333333333,0.0,66.66666666666666,,,Mumbai Indians
dddca1d6,SB Wagh,2,2,3,2,0,1,0,0,0,0,2,0,0,1.0,66.66666666666666,0.0,66.66666666666666,0.0,66.66666666666666,,,Pune Warriors
133bbd61,Brijesh Sharma,2,2,4,2,2,0,0,0,0,0,0,0,0,,50.0,0.0,50.0,0.0,50.0,,,Rajasthan Royals
10a91f35,Shoaib Akhtar,1,2,7,5,2,0,0,0,0,0,1,0,0,2.0,28.57142857142857,0.0,71.42857142857143,0.0,0.0,40.0,,Kolkata Knight Riders
e1d9ae9c,Shivam Singh,1,2,3,1,2,0,0,0,0,0,0,0,0,,66.66666666666666,0.0,33.33333333333333,0.0,66.66666666666666,,,Punjab Kings
402f8494,RJ Gleeson,1,2,2,1,0,1,0,0,0,0,0,0,0,,100.0,0.0,50.0,0.0,100.0,,,Mumbai Indians
c2dd89ea,BR Sharath,1,2,5,3,2,0,0,0,0,0,1,0,0,2.0,40.0,0.0,60.0,0.0,,40.0,,Gujarat Titans
be869ccf,GHS Garton,2,2,4,2,2,0,0,0,0,0,1,0,0,2.0,50.0,0.0,50.0,0.0,50.0,,,Royal Challengers Bengaluru
b2b23612,RG More,1,2,2,0,2,0,0,0,0,0,0,0,0,,100.0,0.0,0.0,0.0,100.0,,,Chennai Super Kings
a03bba42,T Shamsi,1,2,4,2,2,0,0,0,0,0,0,0,0,,50.0,0.0,50.0,0.0,50.0,,,Rajasthan Royals
0ed0cdbf,H Das,1,2,5,3,2,0,0,0,0,0,1,0,0,2.0,40.0,0.0,60.0,0.0,40.0,,,Deccan Chargers
2bb09eb2,Mohammad Ashraful,1,2,10,8,2,0,0,0,0,0,1,0,0,2.0,20.0,0.0,80.0,0.0,,,20.0,Mumbai Indians
9ff100a6,RS Gavaskar,1,2,8,6,2,0,0,0,0,0,1,0,0,2.0,25.0,0.0,75.0,0.0,,25.0,,Kolkata Knight Riders
38f2c66c,VS Yeligati,1,2,2,1,0,1,0,0,0,0,1,0,0,2.0,100.0,0.0,50.0,0.0,100.0,,,Mumbai Indians
5b040b81,A Singh,5,2,10,8,2,0,0,0,0,0,4,0,0,0.5,20.0,0.0,80.0,0.0,25.0,0.0,,Rajasthan Royals
f5f18a18,S Randiv,1,2,4,3,0,1,0,0,0,0,1,0,0,2.0,50.0,0.0,75.0,0.0,50.0,,,Chennai Super Kings
e186f49c,Mashrafe Mortaza,1,2,2,1,0,1,0,0,0,0,0,0,0,,100.0,0.0,50.0,0.0,100.0,,,Kolkata Knight Riders
d92e42f5,KP Appanna,3,2,4,2,2,0,0,0,0,0,1,0,0,2.0,50.0,0.0,50.0,0.0,50.0,,,Royal Challengers Bengaluru
d4eef961,M de Lange,1,1,2,1,1,0,0,0,0,0,1,0,0,1.0,50.0,0.0,50.0,0.0,50.0,,,Mumbai Indians
025c4400,MJ Suthar,1,1,2,1,1,0,0,0,0,0,1,0,0,1.0,50.0,0.0,50.0,0.0,50.0,,,Gujarat Titans
4f629497,SE Bond,1,1,2,1,1,0,0,0,0,0,1,0,0,1.0,50.0,0.0,50.0,0.0,,50.0,,Kolkata Knight Riders
a1d95bd8,LB Williams,1,1,2,1,1,0,0,0,0,0,0,0,0,,50.0,0.0,50.0,0.0,50.0,,,Delhi Capitals
c27b5a0e,PVSN Raju,1,1,1,0,1,0,0,0,0,0,0,0,0,,100.0,0.0,0.0,0.0,100.0,,,Mumbai Indians
0b60eb09,KA Maharaj,1,1,2,1,1,0,0,0,0,0,1,0,0,1.0,50.0,0.0,50.0,0.0,50.0,,,Rajasthan Royals
9a963804,LE Plunkett,2,1,3,2,1,0,0,0,0,0,1,0,0,1.0,33.33333333333333,0.0,66.66666666666666,0.0,33.33333333333333,,,Delhi Capitals
6042bf26,NJ Rimmington,1,1,1,0,1,0,0,0,0,0,0,0,0,,100.0,0.0,0.0,0.0,100.0,,,Punjab Kings
9d704f6f,SZ Mulani,1,1,1,0,1,0,0,0,0,0,0,0,0,,100.0,0.0,0.0,0.0,100.0,,,Mumbai Indians
cc777ffa,Abdul Basith,1,1,1,0,1,0,0,0,0,0,0,0,0,,100.0,0.0,0.0,0.0,100.0,,,Rajasthan Royals
9a5f2863,Mohit Rathee,1,1,2,1,1,0,0,0,0,0,0,0,0,,50.0,0.0,50.0,0.0,50.0,,,Punjab Kings
b56dc5f7,BE Hendricks,2,1,3,2,1,0,0,0,0,0,1,0,0,1.0,33.33333333333333,0.0,66.66666666666666,0.0,33.33333333333333,,,Punjab Kings
2c76b512,DJ Muthuswami,1,1,3,2,1,0,0,0,0,0,1,0,0,1.0,33.33333333333333,0.0,66.66666666666666,0.0,33.33333333333333,,,Delhi Capitals
e96801ea,MS Bhandage,1,1,4,3,1,0,0,0,0,0,1,0,0,1.0,25.0,0.0,75.0,0.0,,25.0,,Royal Challengers Bengaluru
50c09020,Ashok Sharma,2,1,4,3,1,0,0,0,0,0,0,0,0,,25.0,0.0,75.0,0.0,0.0,33.33333333333333,,Gujarat Titans
d45c29b1,Ashwani Kumar,1,1,6,5,1,0,0,0,0,0,0,0,0,,16.666666666666664,0.0,83.33333333333334,0.0,16.666666666666664,,,Mumbai Indians
8a668774,Shoaib Ahmed,3,1,6,5,1,0,0,0,0,0,2,0,0,0.5,16.666666666666664,0.0,83.33333333333334,0.0,0.0,50.0,,Deccan Chargers
92500ad5,SS Mishra,1,1,3,2,1,0,0,0,0,0,0,0,0,,33.33333333333333,0.0,66.66666666666666,0.0,33.33333333333333,,,Rajasthan Royals
0c432afb,P Parameswaran,2,1,2,1,1,0,0,0,0,0,0,0,0,,50.0,0.0,50.0,0.0,50.0,,,Royal Challengers Bengaluru
e412cb64,HF Gurney,1,1,5,4,1,0,0,0,0,0,0,0,0,,20.0,0.0,80.0,0.0,20.0,,,Kolkata Knight Riders
4b4d1957,PM Sarvesh Kumar,1,1,2,1,1,0,0,0,0,0,0,0,0,,50.0,0.0,50.0,0.0,50.0,,,Deccan Chargers
acd4f5dc,DP Vijaykumar,1,1,1,0,1,0,0,0,0,0,0,0,0,,100.0,0.0,0.0,0.0,100.0,,,Deccan Chargers
1da489ff,S Kaushik,1,0,1,1,0,0,0,0,0,0,1,0,0,0.0,0.0,0.0,100.0,,0.0,,,Gujarat Lions
cfa4bd2b,Y Prithvi Raj,1,0,1,1,0,0,0,0,0,0,0,0,0,,0.0,0.0,100.0,,0.0,,,Kolkata Knight Riders
b410bd3d,S Lamichhane,1,0,1,1,0,0,0,0,0,0,1,0,0,0.0,0.0,0.0,100.0,,0.0,,,Delhi Capitals
2e78f685,KR Sen,1,0,3,3,0,0,0,0,0,0,0,0,0,,0.0,0.0,100.0,,0.0,,,Rajasthan Royals
a1d053dd,SS Cottrell,1,0,2,2,0,0,0,0,0,0,1,0,0,0.0,0.0,0.0,100.0,,0.0,,,Punjab Kings
030f3089,K Yadav,1,0,4,4,0,0,0,0,0,0,0,0,0,,0.0,0.0,100.0,,0.0,,,Rajasthan Royals
bdadf7da,JL Denly,1,0,1,1,0,0,0,0,0,0,1,0,0,0.0,0.0,0.0,100.0,,,,0.0,Kolkata Knight Riders
f2c936d7,MJ Owen,1,0,2,2,0,0,0,0,0,0,1,0,0,0.0,0.0,0.0,100.0,,,,0.0,Punjab Kings
64775749,RP Meredith,2,0,3,3,0,0,0,0,0,0,0,0,0,,0.0,0.0,100.0,,0.0,,,Mumbai Indians
33ffc3dd,R Sanjay Yadav,1,0,2,2,0,0,0,0,0,0,1,0,0,0.0,0.0,0.0,100.0,,0.0,,,Mumbai Indians
fb693839,S Ladda,2,0,9,9,0,0,0,0,0,0,1,0,0,0.0,0.0,0.0,100.0,,0.0,0.0,,Gujarat Lions
4353bba5,YA Abdulla,1,0,1,1,0,0,0,0,0,0,0,0,0,,0.0,0.0,100.0,,0.0,,,Punjab Kings
f24ca2ba,C Nanda,1,0,1,1,0,0,0,0,0,0,1,0,0,0.0,0.0,0.0,100.0,,0.0,,,Mumbai Indians
8b9704ae,L Ablish,1,0,2,2,0,0,0,0,0,0,0,0,0,,0.0,0.0,100.0,,0.0,,,Punjab Kings
6ec424a9,ND Doshi,1,0,13,13,0,0,0,0,0,0,1,0,0,0.0,0.0,0.0,100.0,,0.0,,,Rajasthan Royals
888e32bf,Abdur Razzak,1,0,2,2,0,0,0,0,0,0,0,0,0,,0.0,0.0,100.0,,0.0,,,Royal Challengers Bengaluru
622cc511,U Kaul,1,0,1,1,0,0,0,0,0,0,0,0,0,,0.0,0.0,100.0,,0.0,,,Punjab Kings
7d3720ba,RR Bhatkal,1,0,2,2,0,0,0,0,0,0,1,0,0,0.0,0.0,0.0,100.0,,0.0,,,Royal Challengers Bengaluru
d718440b,V Pratap Singh,1,0,1,1,0,0,0,0,0,0,1,0,0,0.0,0.0,0.0,100.0,,0.0,,,Deccan Chargers
d621b427,Musheer Khan,1,0,3,3,0,0,0,0,0,0,1,0,0,0.0,0.0,0.0,100.0,,,0.0,,Punjab Kings
e3851766,KS Rathore,1,0,5,5,0,0,0,0,0,0,1,0,0,0.0,0.0,0.0,100.0,,,,0.0,Rajasthan Royals
ee3dfa89,Sunny Gupta,1,0,1,1,0,0,0,0,0,0,1,0,0,0.0,0.0,0.0,100.0,,0.0,,,Delhi Capitals
a457cfb5,Mayank Dagar,1,0,1,1,0,0,0,0,0,0,1,0,0,0.0,0.0,0.0,100.0,,0.0,,,Royal Challengers Bengaluru
e0407c01,IC Pandey,1,0,2,2,0,0,0,0,0,0,1,0,0,0.0,0.0,0.0,100.0,,0.0,,,Chennai Super Kings
798cc28e,KM Asif,1,0,2,2,0,0,0,0,0,0,1,0,0,0.0,0.0,0.0,100.0,,,0.0,,Rajasthan Royals
2503e881,0,0,0,0,0,0,0,0,0,0,0,1,0,0,0.0,,,,,,,,Mumbai Indians
