player_id,boundary_pct,six_rate,strike_rate_death,chase_strike_rate,batting_average,big_score_pct,conversion_pct,balls_per_boundary,dot_ball_pct,fifty_rate,strike_rate_middle,acceleration
ba607b88,52.51798561151079,39.568345323741006,85.76642335766424,63.30935251798561,97.48201438848922,95.68345323741008,86.38743455497382,51.811594202898554,88.84892086330936,94.60431654676259,60.28880866425993,75.0
740742ef,62.589928057553955,62.23021582733813,80.65693430656934,52.87769784172662,77.33812949640287,83.45323741007195,70.68062827225131,61.95652173913043,47.84172661870504,82.73381294964028,55.23465703971119,71.69117647058823
0a476045,56.83453237410072,17.985611510791365,52.55474452554745,49.280575539568346,89.20863309352518,91.72661870503596,70.15706806282722,56.15942028985507,54.67625899280576,92.08633093525181,63.1768953068592,31.61764705882353
dcce6f09,72.66187050359713,47.482014388489205,74.81751824817519,72.66187050359713,97.84172661870504,98.92086330935251,74.3455497382199,72.10144927536231,58.992805755395686,98.92086330935251,71.11913357400722,44.11764705882353
b17e2f24,62.94964028776978,60.431654676258994,78.46715328467153,68.70503597122301,99.64028776978418,98.20143884892086,86.91099476439791,62.31884057971014,87.05035971223022,98.56115107913669,79.06137184115524,38.23529411764706
1dc12ab9,58.992805755395686,47.122302158273385,67.51824817518248,66.54676258992805,83.45323741007195,85.97122302158273,69.10994764397905,58.33333333333333,85.97122302158273,88.12949640287769,67.14801444043322,41.911764705882355
4a8a2e3b,47.84172661870504,70.14388489208633,72.62773722627736,61.51079136690647,93.16546762589928,57.9136690647482,68.58638743455498,47.10144927536232,82.37410071942446,59.71223021582733,22.743682310469314,88.97058823529412
29e95537,45.68345323741007,23.021582733812952,51.09489051094891,44.24460431654676,77.6978417266187,84.17266187050359,73.29842931937172,44.927536231884055,64.02877697841727,82.37410071942446,55.95667870036101,37.13235294117647
a4cc73aa,66.18705035971223,69.42446043165468,87.22627737226277,65.10791366906474,82.01438848920863,80.2158273381295,92.67015706806284,65.57971014492753,76.61870503597123,75.89928057553958,78.33935018050542,55.14705882352941
c4487b84,76.2589928057554,76.2589928057554,98.54014598540147,66.18705035971223,94.96402877697841,93.5251798561151,77.4869109947644,75.3623188405797,95.32374100719424,92.80575539568345,67.50902527075813,86.39705882352942
db584dad,91.36690647482014,93.88489208633094,94.16058394160584,74.46043165467626,95.68345323741008,94.24460431654677,93.717277486911,90.94202898550725,20.863309352517987,91.36690647482014,94.58483754512635,43.75
1c17e270,57.55395683453237,44.24460431654676,71.16788321167883,60.07194244604317,67.26618705035972,70.86330935251799,68.58638743455498,56.88405797101449,41.007194244604314,73.02158273381295,64.62093862815884,50.73529411764706
c03f1114,58.27338129496403,37.76978417266187,70.43795620437956,56.11510791366906,61.87050359712231,55.39568345323741,68.58638743455498,57.608695652173914,80.57553956834532,56.83453237410072,54.87364620938629,62.86764705882353
3355b542,57.9136690647482,46.76258992805755,79.1970802919708,64.38848920863309,89.568345323741,94.60431654676259,68.58638743455498,57.2463768115942,80.2158273381295,96.76258992805755,62.093862815884485,64.33823529411765
99b75528,88.12949640287769,71.22302158273382,89.41605839416059,87.41007194244604,95.32374100719424,93.88489208633094,97.38219895287958,87.68115942028986,65.82733812949641,89.20863309352518,85.1985559566787,47.794117647058826
b4b99816,66.90647482014388,41.36690647482014,47.81021897810219,65.82733812949641,97.12230215827337,96.0431654676259,90.57591623036649,66.30434782608695,93.5251798561151,94.24460431654677,87.72563176895306,11.397058823529411
271f83cd,87.41007194244604,61.87050359712231,75.91240875912408,85.25179856115108,85.61151079136691,86.33093525179856,74.3455497382199,86.95652173913044,82.01438848920864,85.61151079136691,85.5595667870036,29.411764705882355
70d205c9,43.52517985611511,49.280575539568346,65.69343065693431,44.96402877697842,69.42446043165468,66.90647482014388,72.25130890052355,42.7536231884058,72.3021582733813,67.26618705035972,52.707581227436826,59.55882352941176
85ec8e33,56.4748201438849,62.589928057553955,83.94160583941606,71.22302158273382,91.36690647482014,89.20863309352518,69.63350785340315,55.79710144927536,84.89208633093526,91.72661870503596,74.0072202166065,50.0
bb345e0b,48.201438848920866,9.352517985611511,36.86131386861314,40.647482014388494,80.2158273381295,91.36690647482014,68.58638743455498,47.46376811594203,65.10791366906474,93.88489208633094,57.03971119133574,23.161764705882355
93b4fc78,30.215827338129497,25.539568345323744,41.24087591240876,39.20863309352518,75.89928057553958,73.38129496402878,72.25130890052355,29.347826086956516,68.34532374100719,72.3021582733813,48.014440433213,36.029411764705884
4329fbb5,81.29496402877699,70.86330935251799,83.57664233576642,70.86330935251799,79.85611510791367,81.29496402877699,93.19371727748691,80.79710144927536,31.654676258992808,77.33812949640287,94.22382671480143,26.10294117647059
919a3be2,81.65467625899281,71.58273381294964,93.43065693430657,75.17985611510791,84.89208633093526,76.2589928057554,84.29319371727748,81.15942028985506,80.93525179856115,76.97841726618705,72.92418772563177,74.63235294117648
752f7486,82.73381294964028,69.06474820143885,86.4963503649635,75.53956834532374,78.77697841726618,84.53237410071942,71.20418848167539,82.2463768115942,61.8705035971223,83.81294964028777,81.58844765342961,49.26470588235294
fe93fd9d,32.014388489208635,38.489208633093526,40.14598540145985,53.956834532374096,74.10071942446042,34.89208633093525,68.58638743455498,31.159420289855078,93.16546762589928,34.89208633093525,36.101083032490976,50.36764705882353
372455c4,68.70503597122301,58.992805755395686,94.52554744525547,57.55395683453237,80.57553956834532,88.84892086330936,85.86387434554975,68.11594202898551,42.44604316546763,88.84892086330936,70.03610108303249,77.20588235294117
a757b0d8,70.86330935251799,89.92805755395683,67.15328467153284,84.53237410071942,72.3021582733813,56.4748201438849,68.58638743455498,70.28985507246377,61.510791366906474,58.27338129496403,58.12274368231047,52.94117647058824
d67d5f00,50.0,67.26618705035972,71.8978102189781,74.82014388489209,90.64748201438849,60.79136690647482,76.96335078534031,49.27536231884058,94.24460431654676,59.352517985611506,54.151624548736464,64.70588235294117
3c6ffae8,69.06474820143885,73.7410071942446,55.1094890510949,84.89208633093526,73.7410071942446,54.31654676258992,80.10471204188482,68.47826086956522,73.02158273381295,53.956834532374096,69.67509025270758,25.36764705882353
fb2d1dda,78.77697841726618,70.50359712230215,82.11678832116789,59.352517985611506,66.90647482014388,83.09352517985612,68.58638743455498,78.26086956521739,38.84892086330935,84.53237410071942,75.45126353790613,47.05882352941176
dbe50b21,70.50359712230215,78.05755395683454,65.32846715328468,80.2158273381295,69.06474820143885,50.719424460431654,68.58638743455498,69.92753623188406,85.61151079136691,51.07913669064749,70.3971119133574,32.35294117647059
fe11caa6,51.438848920863315,29.136690647482016,51.45985401459854,47.122302158273385,53.23741007194245,57.55395683453237,80.10471204188482,50.724637681159415,49.280575539568346,55.75539568345324,35.018050541516246,66.54411764705883
b8a55852,74.10071942446042,63.66906474820144,85.03649635036497,55.75539568345324,68.34532374100719,71.22302158273382,90.0523560209424,73.55072463768116,21.94244604316546,67.62589928057554,68.59205776173285,63.23529411764706
b5da6c24,59.352517985611506,11.870503597122301,25.91240875912409,41.726618705035975,47.122302158273385,56.83453237410072,68.58638743455498,58.69565217391305,25.899280575539578,58.63309352517986,46.931407942238266,18.38235294117647
45a43fe2,58.63309352517986,49.64028776978417,72.99270072992701,52.51798561151079,93.5251798561151,96.40287769784173,81.67539267015707,57.971014492753625,73.38129496402877,96.40287769784173,75.09025270758123,35.661764705882355
b681e71e,89.92805755395683,84.89208633093526,77.37226277372264,89.20863309352518,52.51798561151079,70.14388489208633,68.58638743455498,89.4927536231884,67.26618705035972,71.94244604316546,92.4187725631769,22.794117647058822
00ea847a,64.02877697841727,44.96402877697842,94.8905109489051,62.589928057553955,49.280575539568346,64.02877697841727,80.10471204188482,63.405797101449274,53.23741007194245,61.87050359712231,80.14440433212997,73.16176470588235
1c914163,56.11510791366906,73.02158273381295,80.2919708029197,41.36690647482014,56.11510791366906,59.71223021582733,68.58638743455498,55.434782608695656,27.33812949640287,61.15107913669065,42.96028880866426,79.77941176470588
8ba8195d,95.32374100719424,64.74820143884892,95.62043795620438,91.36690647482014,67.62589928057554,80.57553956834532,85.86387434554975,94.92753623188406,52.877697841726615,79.13669064748201,97.11191335740072,26.47058823529412
bbd41817,97.48201438848922,99.28057553956835,91.24087591240875,94.60431654676259,70.14388489208633,61.51079136690647,68.58638743455498,97.10144927536231,37.05035971223022,62.94964028776978,92.05776173285199,37.86764705882353
4b57e452,44.24460431654676,35.25179856115108,74.45255474452554,28.41726618705036,60.07194244604317,74.46043165467626,90.0523560209424,43.47826086956522,22.302158273381295,68.70503597122301,66.78700361010831,48.529411764705884
6c19c6e5,94.96402877697841,67.98561151079137,96.35036496350365,86.33093525179856,85.25179856115108,92.08633093525181,84.81675392670157,94.56521739130434,39.20863309352518,91.00719424460432,77.25631768953069,75.73529411764706
3241e3fd,91.72661870503596,97.12230215827337,75.54744525547446,93.5251798561151,81.65467625899281,75.17985611510791,68.58638743455498,91.30434782608695,70.50359712230215,77.6978417266187,95.66787003610109,17.27941176470588
d5130a30,82.01438848920863,46.043165467625904,95.25547445255475,77.6978417266187,100.0,99.64028776978418,87.95811518324608,81.52173913043478,97.84172661870504,99.28057553956835,88.4476534296029,58.45588235294118
30a45b23,35.25179856115108,20.863309352517987,58.02919708029197,43.16546762589928,88.12949640287769,68.34532374100719,81.67539267015707,34.42028985507247,93.88489208633094,66.90647482014388,45.48736462093863,57.35294117647059
508a1ea7,66.54676258992805,34.172661870503596,54.01459854014598,64.74820143884892,96.40287769784173,97.48201438848922,72.77486910994764,65.94202898550725,55.75539568345324,97.84172661870504,89.89169675090253,12.867647058823529
86dc8f2e,23.741007194244602,11.510791366906476,70.07299270072993,19.06474820143885,71.58273381294964,81.65467625899281,68.58638743455498,22.826086956521735,32.73381294964028,83.09352517985612,20.938628158844764,90.07352941176471
35205dfc,83.45323741007195,69.7841726618705,40.87591240875913,80.57553956834532,70.86330935251799,85.25179856115108,68.58638743455498,82.97101449275362,16.18705035971223,87.05035971223022,88.8086642599278,9.926470588235293
f29185a1,96.76258992805755,92.44604316546763,45.62043795620438,94.24460431654677,75.17985611510791,79.13669064748201,90.0523560209424,96.3768115942029,71.58273381294964,76.2589928057554,97.83393501805054,4.779411764705882
d2c2b2d5,51.798561151079134,8.273381294964029,59.12408759124088,34.89208633093525,86.33093525179856,82.01438848920863,80.10471204188482,51.08695652173913,36.33093525179856,80.93525179856115,45.12635379061371,60.66176470588235
77255a9e,69.7841726618705,50.0,36.496350364963504,72.3021582733813,60.79136690647482,66.54676258992805,68.58638743455498,69.20289855072464,64.38848920863309,68.34532374100719,71.48014440433214,13.970588235294118
2c25d4f5,69.42446043165468,41.007194244604314,33.941605839416056,62.23021582733813,62.589928057553955,79.13669064748201,76.96335078534031,68.84057971014494,46.043165467625904,79.49640287769785,68.23104693140795,14.338235294117647
d9273ee7,78.05755395683454,77.6978417266187,79.92700729927007,81.65467625899281,73.38129496402878,58.992805755395686,84.29319371727748,77.53623188405797,81.65467625899281,56.4748201438849,66.4259927797834,58.82352941176471
0184dc35,45.32374100719424,7.913669064748201,64.59854014598541,37.05035971223021,70.50359712230215,69.7841726618705,68.58638743455498,44.565217391304344,31.294964028776988,71.58273381294964,42.59927797833935,68.75
a4e37e47,65.82733812949641,88.48920863309353,64.23357664233576,58.27338129496403,80.93525179856115,64.74820143884892,68.58638743455498,65.21739130434783,78.77697841726618,66.18705035971223,76.53429602888086,27.205882352941174
d027ba9f,35.97122302158273,28.776978417266186,62.40875912408759,35.97122302158273,89.92805755395683,90.64748201438849,68.58638743455498,35.14492753623189,77.6978417266187,93.16546762589928,62.8158844765343,44.48529411764706
235c2bb6,85.97122302158273,89.20863309352518,89.05109489051095,88.12949640287769,98.20143884892086,93.16546762589928,90.0523560209424,85.5072463768116,99.64028776978417,90.64748201438849,95.30685920577618,27.573529411764707
b8d490fd,63.30935251798561,43.52517985611511,50.36496350364964,56.4748201438849,56.4748201438849,78.41726618705036,68.58638743455498,62.68115942028986,28.05755395683454,80.93525179856115,73.6462093862816,19.852941176470587
2e171977,44.96402877697842,66.90647482014388,45.25547445255474,70.50359712230215,42.44604316546763,35.97122302158273,68.58638743455498,44.20289855072463,87.41007194244604,35.97122302158273,50.18050541516246,39.338235294117645
2b6e6dec,90.64748201438849,65.46762589928058,91.97080291970804,82.73381294964028,64.38848920863309,76.61870503597122,92.14659685863874,90.21739130434783,15.107913669064743,73.38129496402878,85.92057761732852,51.470588235294116
2e8994e7,19.784172661870503,44.60431654676259,66.42335766423358,29.856115107913666,96.0431654676259,83.81294964028777,68.58638743455498,18.840579710144922,92.0863309352518,84.89208633093526,25.63176895306859,83.08823529411765
5b8c830e,53.23741007194245,50.719424460431654,52.919708029197075,64.02877697841727,48.561151079136685,34.89208633093525,68.58638743455498,52.53623188405797,62.589928057553955,34.89208633093525,54.51263537906137,41.17647058823529
48fd7349,43.16546762589928,21.223021582733814,87.95620437956204,30.935251798561154,93.88489208633094,95.32374100719424,74.86910994764398,42.391304347826086,50.719424460431654,95.68345323741008,59.205776173285194,77.57352941176471
8b3e9c7c,92.80575539568345,42.44604316546763,34.67153284671533,82.01438848920863,52.87769784172662,80.93525179856115,68.58638743455498,92.3913043478261,48.92086330935251,82.01438848920863,90.25270758122743,5.88235294117647
04a418e8,68.34532374100719,82.37410071942446,54.74452554744526,75.89928057553958,59.71223021582733,60.431654676258994,68.58638743455498,67.7536231884058,74.46043165467626,62.23021582733813,77.6173285198556,21.691176470588236
9418198b,94.24460431654677,78.77697841726618,78.83211678832117,88.48920863309353,76.2589928057554,89.92805755395683,76.96335078534031,93.84057971014492,51.438848920863315,90.28776978417267,96.028880866426,16.911764705882355
b0482a1d,64.74820143884892,73.38129496402878,92.33576642335767,79.13669064748201,90.28776978417267,79.85611510791367,84.29319371727748,64.13043478260869,92.80575539568345,79.13669064748201,69.31407942238266,74.26470588235294
3d8feaf8,87.05035971223022,85.61151079136691,43.79562043795621,67.98561151079137,79.49640287769785,88.48920863309353,91.62303664921467,86.59420289855072,51.07913669064748,87.76978417266187,81.2274368231047,15.073529411764705
9d430b40,98.56115107913669,94.24460431654677,18.613138686131386,94.96402877697841,28.05755395683453,50.0,87.43455497382199,98.18840579710145,14.38848920863309,47.122302158273385,97.47292418772562,2.5735294117647056
d18f9182,49.64028776978417,15.107913669064748,53.284671532846716,46.402877697841724,71.94244604316546,73.02158273381295,84.29319371727748,48.91304347826087,45.32374100719424,70.14388489208633,40.794223826714806,61.76470588235294
944533a5,64.38848920863309,28.41726618705036,75.18248175182481,61.87050359712231,51.07913669064749,73.02158273381295,68.58638743455498,63.768115942028984,44.60431654676259,74.82014388489209,56.317689530685925,67.64705882352942
c3a96caf,41.36690647482014,15.827338129496402,39.416058394160586,50.0,39.20863309352518,48.201438848920866,68.58638743455498,40.57971014492754,48.201438848920866,48.92086330935252,48.73646209386281,32.720588235294116
26e5cabf,24.820143884892087,16.18705035971223,36.13138686131387,27.33812949640288,72.66187050359713,52.87769784172662,68.58638743455498,23.91304347826086,59.352517985611506,53.597122302158276,33.2129963898917,47.42647058823529
6b71e6cf,46.043165467625904,11.151079136690647,46.715328467153284,32.014388489208635,60.431654676258994,74.82014388489209,68.58638743455498,45.289855072463766,53.597122302158276,76.97841726618705,49.09747292418773,43.38235294117647
a24be938,79.49640287769785,68.70503597122301,55.839416058394164,71.94244604316546,82.37410071942446,88.48920863309353,80.10471204188482,78.98550724637681,46.76258992805755,89.568345323741,83.39350180505414,19.11764705882353
abb83e27,87.76978417266187,67.62589928057554,27.37226277372263,79.49640287769785,88.84892086330936,87.41007194244604,95.28795811518324,87.31884057971014,41.36690647482014,81.65467625899281,83.03249097472924,7.720588235294118
6a26221c,47.482014388489205,56.11510791366906,79.56204379562044,62.94964028776978,78.41726618705036,75.53956834532374,68.58638743455498,46.7391304347826,94.96402877697842,78.05755395683454,64.25992779783394,62.13235294117647
c740ea83,90.28776978417267,95.32374100719424,97.44525547445255,82.37410071942446,84.53237410071942,96.76258992805755,76.96335078534031,89.85507246376811,96.76258992805755,97.48201438848922,96.75090252707581,30.88235294117647
48a1d7b7,67.26618705035972,87.05035971223022,68.97810218978103,90.28776978417267,65.82733812949641,47.84172661870504,68.58638743455498,66.66666666666667,82.73381294964028,48.561151079136685,63.537906137184116,49.63235294117647
87e562a9,42.44604316546763,55.75539568345324,71.53284671532847,43.52517985611511,47.84172661870504,40.647482014388494,68.58638743455498,41.666666666666664,48.561151079136685,40.647482014388494,17.689530685920577,94.11764705882352
12b610c2,97.84172661870504,83.81294964028777,78.1021897810219,95.32374100719424,83.09352517985612,87.41007194244604,84.29319371727748,97.46376811594203,73.7410071942446,86.6906474820144,93.86281588447653,22.426470588235293
890946a0,39.568345323741006,64.38848920863309,30.656934306569344,32.73381294964029,38.1294964028777,49.64028776978417,68.58638743455498,38.76811594202898,14.02877697841727,50.35971223021583,52.34657039711191,20.22058823529412
73ad96ed,26.258992805755394,53.597122302158276,37.22627737226277,36.69064748201439,28.41726618705036,51.798561151079134,68.58638743455498,25.362318840579718,86.33093525179856,52.51798561151079,61.01083032490975,20.588235294117645
709b0bac,21.223021582733814,31.654676258992804,35.76642335766424,20.503597122302157,73.02158273381295,62.23021582733813,68.58638743455498,20.289855072463766,74.82014388489209,63.66906474820144,41.87725631768953,34.92647058823529
3576e47e,38.84892086330935,12.589928057553957,42.700729927007295,34.53237410071942,79.13669064748201,79.85611510791367,68.58638743455498,38.04347826086957,46.402877697841724,81.29496402877699,50.90252707581227,33.088235294117645
d2a6c0e6,40.647482014388494,58.27338129496403,59.48905109489051,38.84892086330935,48.201438848920866,51.07913669064749,68.58638743455498,39.85507246376812,29.856115107913666,51.438848920863315,37.90613718411552,71.32352941176471
b57f8a9a,36.330935251798564,30.215827338129497,57.299270072992705,54.67625899280576,84.17266187050359,56.4748201438849,68.58638743455498,35.507246376811594,66.18705035971223,58.27338129496403,36.462093862815884,69.48529411764706
0a509d6b,70.14388489208633,72.66187050359713,86.86131386861314,85.97122302158273,87.05035971223022,57.194244604316545,68.58638743455498,69.56521739130434,89.20863309352518,58.992805755395686,36.8231046931408,87.13235294117648
725529bc,30.935251798561154,23.381294964028775,82.84671532846716,20.14388489208633,58.27338129496403,67.98561151079137,68.58638743455498,30.072463768115938,10.79136690647482,69.7841726618705,20.577617328519857,93.75
45eda7c8,84.89208633093526,72.3021582733813,10.583941605839415,76.97841726618705,87.76978417266187,91.00719424460432,68.58638743455498,84.42028985507247,33.45323741007195,93.5251798561151,77.9783393501805,3.308823529411765
fd835ab3,28.776978417266186,57.9136690647482,74.08759124087592,50.35971223021583,63.30935251798561,52.15827338129496,68.58638743455498,27.898550724637687,55.39568345323741,52.87769784172662,29.96389891696751,83.45588235294117
39a2dfa8,65.10791366906474,68.34532374100719,61.31386861313869,59.71223021582733,51.798561151079134,33.45323741007194,68.58638743455498,64.4927536231884,67.62589928057554,33.45323741007194,23.104693140794225,83.82352941176471
3d284ca3,98.92086330935251,87.76978417266187,82.48175182481752,97.48201438848922,87.05035971223022,97.12230215827337,68.58638743455498,98.55072463768116,67.98561151079136,98.20143884892086,98.55595667870037,10.294117647058822
0994d0ae,32.37410071942446,48.561151079136685,62.77372262773723,46.76258992805755,61.51079136690647,63.66906474820144,68.58638743455498,31.52173913043478,90.28776978417267,65.46762589928058,44.4043321299639,65.80882352941177
99d63244,33.093525179856115,32.73381294964029,29.927007299270077,25.179856115107913,46.402877697841724,42.805755395683455,68.58638743455498,32.2463768115942,70.86330935251799,43.16546762589928,45.84837545126354,24.264705882352942
bcf325d2,84.17266187050359,79.85611510791367,70.8029197080292,87.76978417266187,81.29496402877699,85.61151079136691,68.58638743455498,83.69565217391305,95.68345323741008,88.48920863309353,78.70036101083032,31.25
872b03f7,54.31654676258992,59.71223021582733,59.854014598540154,60.79136690647482,58.63309352517986,67.98561151079137,68.58638743455498,53.6231884057971,91.36690647482014,69.7841726618705,61.371841155234655,43.01470588235294
bb351c23,74.82014388489209,80.57553956834532,73.72262773722628,39.92805755395683,44.60431654676259,58.63309352517986,68.58638743455498,74.27536231884058,39.568345323741006,60.431654676258994,72.56317689530685,40.44117647058824
5bdcdb72,49.280575539568346,13.309352517985612,68.24817518248175,31.654676258992804,62.94964028776978,82.37410071942446,68.58638743455498,48.550724637681164,16.906474820143885,83.45323741007195,25.27075812274368,84.55882352941177
f1f99156,94.60431654676259,97.84172661870504,90.51094890510949,99.28057553956835,83.81294964028777,36.69064748201439,68.58638743455498,94.20289855072464,97.12230215827338,36.69064748201439,84.47653429602889,56.25
5fa06777,22.302158273381295,30.935251798561154,39.05109489051095,45.68345323741007,42.086330935251794,32.37410071942446,68.58638743455498,21.37681159420289,68.70503597122303,32.37410071942446,17.328519855595665,84.19117647058823
800d2d97,86.33093525179856,88.84892086330936,81.38686131386861,87.05035971223022,49.64028776978417,33.093525179856115,68.58638743455498,85.86956521739131,57.913669064748206,33.093525179856115,80.86642599277978,42.279411764705884
d8699ab7,83.09352517985612,55.03597122302158,88.32116788321169,65.46762589928058,92.44604316546763,93.16546762589928,68.58638743455498,82.6086956521739,32.01438848920863,95.32374100719424,81.94945848375451,53.30882352941176
c03e2850,60.431654676258994,52.51798561151079,98.17518248175182,73.7410071942446,45.32374100719424,47.84172661870504,68.58638743455498,59.78260869565217,21.58273381294964,48.561151079136685,62.454873646209386,89.70588235294117
df5a6881,77.6978417266187,36.69064748201439,43.43065693430657,51.07913669064749,98.56115107913669,99.28057553956835,68.58638743455498,77.17391304347827,76.2589928057554,100.0,92.7797833935018,8.823529411764707
89f64c19,63.66906474820144,51.798561151079134,47.08029197080292,56.83453237410072,96.76258992805755,100.0,81.67539267015707,63.04347826086957,20.503597122302153,99.64028776978418,72.20216606498195,19.485294117647058
50c6bc2b,86.6906474820144,94.60431654676259,97.8102189781022,96.0431654676259,57.55395683453237,74.46043165467626,68.58638743455498,86.23188405797102,69.42446043165468,75.53956834532374,76.89530685920577,80.14705882352942
eaa76d3c,77.33812949640287,74.46043165467626,81.75182481751825,83.45323741007195,92.80575539568345,65.82733812949641,97.38219895287958,76.81159420289855,97.4820143884892,58.27338129496403,79.78339350180505,45.588235294117645
470f446b,100.0,100.0,99.63503649635037,100.0,99.28057553956835,98.56115107913669,97.90575916230367,99.6376811594203,79.13669064748201,96.0431654676259,99.63898916967509,34.19117647058824
b61a3e1a,25.539568345323744,58.63309352517986,48.9051094890511,55.03597122302158,57.9136690647482,46.402877697841724,68.58638743455498,24.637681159420282,51.798561151079134,46.76258992805755,33.935018050541515,65.07352941176471
39f01cdb,60.07194244604317,54.31654676258992,76.64233576642336,60.431654676258994,91.00719424460432,72.3021582733813,97.38219895287958,59.42028985507246,56.47482014388489,65.46762589928058,63.898916967509024,58.08823529411765
32198ae0,34.53237410071942,25.899280575539567,60.58394160583942,33.093525179856115,68.70503597122301,54.67625899280576,68.58638743455498,33.69565217391305,78.05755395683454,56.4748201438849,41.51624548736462,68.38235294117648
e94915e6,55.75539568345324,59.352517985611506,81.02189781021897,53.597122302158276,56.83453237410072,64.38848920863309,68.58638743455498,55.072463768115945,75.53956834532374,65.82733812949641,40.43321299638989,81.98529411764706
fe763256,25.899280575539567,37.05035971223021,44.89051094890511,45.32374100719424,46.76258992805755,46.76258992805755,68.58638743455498,25.0,40.28776978417267,47.482014388489205,29.24187725631769,67.27941176470588
85b3fab2,61.15107913669065,74.10071942446042,92.7007299270073,79.85611510791367,94.60431654676259,65.46762589928058,68.58638743455498,60.507246376811594,99.28057553956835,66.54676258992805,48.375451263537904,85.29411764705883
bd77eb62,40.28776978417266,55.39568345323741,53.64963503649635,40.28776978417266,91.72661870503596,78.41726618705036,94.76439790575915,39.492753623188406,57.194244604316545,74.46043165467626,60.64981949458483,33.455882352941174
c3d35165,53.956834532374096,80.2158273381295,48.175182481751825,84.17266187050359,53.956834532374096,39.92805755395683,68.58638743455498,53.26086956521739,86.69064748201438,39.92805755395683,51.624548736462096,40.80882352941176
d0513f63,37.05035971223021,42.805755395683455,85.40145985401459,15.107913669064748,62.23021582733813,69.42446043165468,68.58638743455498,36.23188405797102,77.33812949640287,71.22302158273382,37.18411552346571,86.02941176470588
e087956b,48.561151079136685,40.28776978417266,56.56934306569343,76.2589928057554,55.39568345323741,55.03597122302158,100.0,47.82608695652174,85.25179856115108,41.36690647482014,59.56678700361011,38.970588235294116
b5797845,99.28057553956835,98.20143884892086,,98.92086330935251,74.82014388489209,88.48920863309353,91.62303664921467,98.91304347826087,71.94244604316548,87.76978417266187,99.27797833935018,
26989d80,85.61151079136691,86.6906474820144,90.87591240875912,91.72661870503596,92.08633093525181,74.46043165467626,68.58638743455498,85.14492753623189,98.56115107913669,75.53956834532374,67.87003610108303,73.52941176470588
f19ccfad,52.15827338129496,35.97122302158273,47.44525547445255,73.38129496402878,37.76978417266187,44.60431654676259,68.58638743455498,51.44927536231884,90.64748201438849,44.96402877697842,43.682310469314075,48.89705882352941
e1d1b294,30.575539568345324,29.496402877697843,48.54014598540146,15.467625899280577,67.98561151079137,78.41726618705036,68.58638743455498,29.710144927536234,11.510791366906474,80.93525179856115,28.158844765342963,70.58823529411765
d7017798,79.85611510791367,61.15107913669065,58.75912408759124,51.438848920863315,87.41007194244604,90.28776978417267,68.58638743455498,79.34782608695653,92.44604316546763,92.44604316546763,83.75451263537906,20.955882352941178
bd17b45f,36.69064748201439,50.35971223021583,40.51094890510949,46.043165467625904,32.73381294964029,31.294964028776977,,35.86956521739131,58.273381294964025,31.294964028776977,47.65342960288809,36.39705882352941
8e514b4c,71.58273381294964,89.568345323741,66.78832116788321,70.14388489208633,34.172661870503596,31.294964028776977,,71.01449275362319,78.41726618705036,31.294964028776977,53.79061371841155,59.92647058823529
e66732f8,97.12230215827337,94.96402877697841,83.21167883211679,96.76258992805755,88.48920863309353,89.92805755395683,94.76439790575915,96.73913043478261,44.24460431654676,86.6906474820144,98.91696750902527,9.558823529411764
8b5b6769,80.93525179856115,71.94244604316546,41.97080291970803,48.561151079136685,24.820143884892087,32.014388489208635,68.58638743455498,80.43478260869566,28.77697841726618,32.014388489208635,25.992779783393498,68.01470588235294
495d42a5,22.66187050359712,33.093525179856115,25.547445255474454,29.496402877697843,17.26618705035971,31.654676258992804,68.58638743455498,21.73913043478261,62.94964028776979,31.654676258992804,23.826714801444044,46.32352941176471
5afd4539,51.07913669064749,21.942446043165468,50.72992700729927,28.05755395683453,39.92805755395683,59.352517985611506,68.58638743455498,50.36231884057971,8.27338129496404,60.79136690647482,44.04332129963899,51.10294117647059
7dc35884,35.61151079136691,22.66187050359712,31.386861313868614,49.64028776978417,35.25179856115108,38.489208633093526,68.58638743455498,34.78260869565217,84.53237410071942,38.489208633093526,46.57039711191336,24.63235294117647
aad0c365,60.79136690647482,83.45323741007195,91.6058394160584,83.81294964028777,74.46043165467626,53.23741007194245,68.58638743455498,60.14492753623188,91.72661870503597,54.31654676258992,84.11552346570397,56.98529411764706
d1a60072,71.94244604316546,77.33812949640287,67.88321167883211,67.26618705035972,52.15827338129496,61.87050359712231,68.58638743455498,71.3768115942029,49.64028776978417,63.30935251798561,74.72924187725631,30.514705882352942
7dcb9bc9,73.38129496402878,91.00719424460432,61.67883211678832,88.84892086330936,36.330935251798564,38.1294964028777,68.58638743455498,72.82608695652175,70.14388489208633,38.1294964028777,70.7581227436823,28.308823529411764
ad3b6e95,82.37410071942446,53.956834532374096,69.7080291970803,61.15107913669065,58.992805755395686,66.18705035971223,68.58638743455498,81.8840579710145,83.45323741007195,67.98561151079137,79.42238267148014,29.77941176470588
f233bbb4,92.08633093525181,75.53956834532374,,86.6906474820144,66.18705035971223,78.41726618705036,97.38219895287958,91.66666666666667,11.15107913669064,71.22302158273382,93.50180505415162,
f088b960,76.97841726618705,26.618705035971225,66.05839416058394,25.899280575539567,47.482014388489205,41.007194244604314,68.58638743455498,76.44927536231884,72.66187050359713,41.36690647482014,31.40794223826715,80.51470588235294
72861603,41.726618705035975,6.474820143884892,60.21897810218978,12.23021582733813,71.22302158273382,71.94244604316546,68.58638743455498,40.94202898550725,19.064748201438846,74.10071942446042,57.400722021660656,46.69117647058824
896d78ad,20.863309352517987,47.84172661870504,44.52554744525548,38.1294964028777,50.35971223021583,34.89208633093525,68.58638743455498,19.927536231884062,91.00719424460432,34.89208633093525,24.548736462093864,75.36764705882352
fffa744b,93.5251798561151,82.73381294964028,90.14598540145985,95.68345323741008,65.10791366906474,53.956834532374096,68.58638743455498,93.1159420289855,94.60431654676259,55.75539568345324,91.33574007220217,35.294117647058826
aaa1b522,29.856115107913666,38.84892086330935,24.817518248175183,21.223021582733814,40.647482014388494,44.96402877697842,68.58638743455498,28.985507246376812,26.97841726618705,45.32374100719424,53.42960288808665,16.544117647058822
a45a5e8d,21.58273381294964,23.741007194244602,49.63503649635037,30.215827338129497,28.776978417266186,31.294964028776977,,20.652173913043484,42.0863309352518,31.294964028776977,19.855595667870034,82.72058823529412
5056011d,32.73381294964029,24.46043165467626,72.26277372262774,16.546762589928058,55.03597122302158,46.402877697841724,68.58638743455498,31.884057971014485,60.79136690647482,46.76258992805755,16.60649819494585,94.85294117647058
0ebfb1ad,83.81294964028777,76.97841726618705,43.43065693430657,52.15827338129496,64.74820143884892,75.89928057553958,68.58638743455498,83.33333333333334,19.42446043165468,79.13669064748201,49.458483754512635,36.76470588235294
ded9240e,80.57553956834532,93.16546762589928,60.94890510948905,98.56115107913669,33.81294964028777,47.84172661870504,68.58638743455498,80.07246376811594,43.5251798561151,48.561151079136685,64.98194945848375,37.5
5f547c8b,89.20863309352518,93.5251798561151,62.04379562043796,93.88489208633094,19.424460431654676,32.73381294964029,68.58638743455498,88.76811594202898,37.410071942446045,32.73381294964029,51.26353790613718,55.88235294117647
98ae73b1,24.46043165467626,25.179856115107913,19.34306569343066,34.172661870503596,12.23021582733813,31.294964028776977,,23.55072463768117,21.22302158273382,31.294964028776977,14.801444043321299,55.51470588235294
fb66ce1f,71.22302158273382,84.53237410071942,63.868613138686136,89.568345323741,44.96402877697842,39.20863309352518,68.58638743455498,70.65217391304347,96.40287769784173,39.20863309352518,34.65703971119133,76.10294117647058
d1c36f5c,88.84892086330936,42.086330935251794,76.64233576642336,90.64748201438849,82.73381294964028,84.89208633093526,68.58638743455498,88.40579710144928,34.89208633093526,85.97122302158273,89.16967509025271,25.0
844e79d1,76.61870503597122,92.08633093525181,97.08029197080292,68.34532374100719,57.194244604316545,52.51798561151079,68.58638743455498,76.08695652173913,47.48201438848921,53.23741007194245,86.28158844765343,72.79411764705883
91ffa6c6,73.02158273381295,33.81294964028777,55.47445255474452,48.201438848920866,43.16546762589928,71.94244604316546,68.58638743455498,72.46376811594203,28.41726618705036,74.10071942446042,42.238267148014444,61.029411764705884
f9e6e7ef,19.424460431654676,60.79136690647482,38.32116788321168,29.136690647482016,38.84892086330935,35.25179856115108,68.58638743455498,18.47826086956522,75.89928057553956,35.25179856115108,31.40794223826715,54.04411764705882
9caf69a1,92.44604316546763,91.72661870503596,100.0,92.80575539568345,65.46762589928058,65.10791366906474,98.95287958115183,92.02898550724638,74.10071942446044,52.15827338129496,87.36462093862815,95.22058823529412
e798611a,80.2158273381295,51.438848920863315,98.90510948905109,33.45323741007194,98.92086330935251,97.84172661870504,99.47643979057592,79.71014492753623,79.85611510791367,85.25179856115108,57.761732851985556,94.48529411764706
84d9c311,93.16546762589928,96.40287769784173,88.6861313868613,97.84172661870504,76.61870503597122,51.438848920863315,68.58638743455498,92.7536231884058,89.568345323741,52.15827338129496,59.92779783393502,76.83823529411765
650d5e49,75.53956834532374,90.28776978417267,86.13138686131386,80.93525179856115,45.68345323741007,36.330935251798564,68.58638743455498,75.0,35.25179856115108,36.330935251798564,33.57400722021661,88.23529411764706
989889ff,98.20143884892086,85.97122302158273,31.751824817518248,77.33812949640287,94.24460431654677,93.16546762589928,68.58638743455498,97.82608695652173,84.1726618705036,95.32374100719424,90.61371841155234,5.147058823529411
8abdf100,52.87769784172662,75.17985611510791,63.503649635036496,58.992805755395686,54.67625899280576,60.07194244604317,68.58638743455498,52.17391304347826,19.7841726618705,61.51079136690647,53.068592057761734,54.779411764705884
7ca5e05d,17.26618705035971,24.820143884892087,69.34306569343066,43.884892086330936,75.89928057553958,70.50359712230215,68.58638743455498,16.304347826086953,69.7841726618705,72.66187050359713,32.851985559566785,80.88235294117648
808f425a,39.20863309352518,63.30935251798561,45.98540145985402,78.77697841726618,40.28776978417266,31.294964028776977,,38.40579710144928,87.76978417266187,31.294964028776977,14.079422382671481,91.54411764705883
da934ee8,53.597122302158276,80.93525179856115,56.934306569343065,66.90647482014388,29.496402877697843,35.61151079136691,68.58638743455498,52.89855072463768,89.92805755395683,35.61151079136691,76.17328519855594,23.52941176470588
d014d5ac,67.98561151079137,92.80575539568345,56.20437956204379,78.41726618705036,55.75539568345324,37.76978417266187,68.58638743455498,67.02898550724638,43.88489208633094,37.76978417266187,74.36823104693141,23.897058823529413
c42aaf71,13.66906474820144,12.23021582733813,23.722627737226276,17.62589928057554,46.043165467625904,31.294964028776977,,12.681159420289859,43.16546762589928,31.294964028776977,19.494584837545126,52.20588235294118
6eb146d2,43.884892086330936,14.748201438848922,46.35036496350365,32.37410071942446,41.36690647482014,49.280575539568346,68.58638743455498,43.11594202898551,56.83453237410072,50.0,23.465703971119133,77.94117647058823
7bf96684,34.89208633093525,63.30935251798561,49.27007299270073,47.84172661870504,85.97122302158273,83.09352517985612,68.58638743455498,34.05797101449275,79.49640287769785,84.53237410071942,29.602888086642597,70.22058823529412
25eeb281,74.46043165467626,43.884892086330936,95.98540145985402,67.62589928057554,48.92086330935252,68.70503597122301,98.95287958115183,73.91304347826087,5.39568345323741,54.67625899280576,58.48375451263538,85.66176470588235
c16d4035,42.805755395683455,51.07913669064749,64.96350364963503,63.66906474820144,33.45323741007194,63.66906474820144,68.58638743455498,42.028985507246375,64.74820143884892,65.46762589928058,47.292418772563174,65.44117647058823
fe366f34,94.96402877697841,93.5251798561151,98.90510948905109,91.72661870503596,98.92086330935251,89.92805755395683,98.95287958115183,94.92753623188406,61.15107913669065,79.13669064748201,95.66787003610109,79.77941176470588
cad00a4d,91.00719424460432,81.29496402877699,96.71532846715328,71.58273381294964,51.438848920863315,53.956834532374096,68.58638743455498,90.57971014492753,50.0,55.75539568345324,88.08664259927798,63.60294117647059
2a2e6343,9.712230215827338,43.16546762589928,29.56204379562044,26.618705035971225,23.021582733812952,31.294964028776977,,8.695652173913047,81.29496402877697,31.294964028776977,15.523465703971121,79.41176470588235
b2b4f545,98.92086330935251,89.568345323741,7.2992700729927,99.64028776978418,86.33093525179856,89.92805755395683,68.58638743455498,98.91304347826087,87.41007194244604,92.08633093525181,98.91696750902527,1.4705882352941175
f89d3b11,72.3021582733813,85.25179856115108,93.06569343065694,85.61151079136691,78.05755395683454,78.41726618705036,68.58638743455498,71.73913043478261,57.55395683453237,80.93525179856115,82.31046931407943,66.17647058823529
ae091d39,75.17985611510791,19.784172661870503,,25.539568345323744,41.007194244604314,61.51079136690647,68.58638743455498,74.63768115942028,18.705035971223012,62.94964028776978,38.628158844765345,
0f12f9df,46.402877697841724,83.09352517985612,42.33576642335766,81.29496402877699,33.093525179856115,31.294964028776977,,45.652173913043484,62.23021582733813,31.294964028776977,46.20938628158845,39.705882352941174
2498e163,78.41726618705036,26.258992805755394,31.386861313868614,74.10071942446042,61.15107913669065,86.6906474820144,68.58638743455498,77.89855072463769,60.07194244604317,89.92805755395683,86.64259927797833,6.985294117647059
ba5e1069,76.2589928057554,57.55395683453237,99.27007299270073,76.61870503597122,53.597122302158276,63.66906474820144,68.58638743455498,75.3623188405797,83.81294964028777,65.46762589928058,87.00361010830325,91.91176470588235
7c503806,17.985611510791365,6.83453237410072,21.897810218978105,35.25179856115108,37.05035971223021,37.05035971223021,68.58638743455498,17.028985507246375,56.115107913669064,37.05035971223021,38.26714801444043,22.058823529411764
b1451597,29.136690647482016,39.20863309352518,25.18248175182482,10.431654676258994,24.100719424460433,31.294964028776977,,28.26086956521739,32.37410071942446,31.294964028776977,24.187725631768952,45.220588235294116
8291f939,15.827338129496402,48.92086330935252,18.97810218978102,35.61151079136691,32.37410071942446,31.294964028776977,,14.85507246376811,38.48920863309353,31.294964028776977,35.74007220216607,16.176470588235293
f3cb53a1,34.172661870503596,34.89208633093525,54.379562043795616,69.42446043165468,69.7841726618705,39.568345323741006,68.58638743455498,32.971014492753625,75.17985611510791,39.568345323741006,21.660649819494584,81.61764705882352
d4f9dbd4,27.33812949640288,3.597122302158273,14.233576642335766,13.309352517985612,37.410071942446045,40.647482014388494,68.58638743455498,26.44927536231883,8.63309352517986,40.647482014388494,27.79783393501805,14.705882352941178
9a158001,55.39568345323741,36.330935251798564,26.277372262773724,39.568345323741006,36.69064748201439,56.4748201438849,68.58638743455498,54.710144927536234,45.68345323741008,58.27338129496403,66.06498194945848,11.029411764705882
9b6e1b3f,99.64028776978418,99.64028776978418,,99.64028776978418,59.352517985611506,94.96402877697841,68.58638743455498,99.27536231884058,23.02158273381295,97.12230215827337,98.19494584837545,
6b19d823,5.755395683453238,5.755395683453238,9.854014598540147,8.273381294964029,14.748201438848922,31.294964028776977,,4.710144927536234,24.82014388489209,31.294964028776977,8.664259927797833,63.970588235294116
73c18486,91.00719424460432,82.73381294964028,,56.11510791366906,74.46043165467626,97.48201438848922,68.58638743455498,90.94202898550725,7.913669064748191,98.56115107913669,96.38989169675091,
b720a5d6,28.05755395683453,17.62589928057554,29.1970802919708,18.345323741007196,34.89208633093525,38.84892086330935,68.58638743455498,27.173913043478265,60.431654676258994,38.84892086330935,39.35018050541516,30.14705882352941
3fca55af,62.23021582733813,65.82733812949641,1.094890510948905,55.39568345323741,29.856115107913666,58.27338129496403,68.58638743455498,61.594202898550726,10.071942446043167,60.07194244604317,71.84115523465704,0.7352941176470588
f62772e5,37.410071942446045,56.4748201438849,32.481751824817515,28.776978417266186,19.784172661870503,31.294964028776977,,36.59420289855072,40.647482014388494,31.294964028776977,24.90974729241877,53.67647058823529
0bacade8,84.53237410071942,81.65467625899281,0.36496350364963503,22.302158273381295,41.726618705035975,63.66906474820144,68.58638743455498,84.05797101449275,7.5539568345323715,65.46762589928058,91.69675090252709,0.3676470588235294
2e81a32d,8.273381294964029,3.9568345323741005,7.664233576642336,11.151079136690647,8.633093525179856,31.294964028776977,,7.246376811594203,13.669064748201436,31.294964028776977,10.469314079422382,41.544117647058826
119678fd,20.14388489208633,61.51079136690647,28.102189781021895,51.798561151079134,18.705035971223023,31.294964028776977,,19.20289855072464,44.96402877697842,31.294964028776977,18.050541516245488,72.42647058823529
eade4650,31.654676258992804,28.05755395683453,18.248175182481752,78.05755395683454,63.66906474820144,69.42446043165468,68.58638743455498,30.434782608695656,98.20143884892086,71.22302158273382,75.81227436823104,4.411764705882353
bf74b130,99.64028776978418,99.64028776978418,,99.64028776978418,88.84892086330936,83.09352517985612,100.0,99.6376811594203,69.06474820143885,55.75539568345324,99.63898916967509,
1abb78f8,54.67625899280576,46.402877697841724,28.832116788321166,44.60431654676259,13.66906474820144,33.81294964028777,68.58638743455498,53.98550724637681,66.54676258992805,33.81294964028777,65.34296028880865,12.5
33a364a6,21.942446043165468,39.92805755395683,37.591240875912405,23.741007194244602,12.589928057553957,31.294964028776977,,21.014492753623188,59.71223021582734,31.294964028776977,12.996389891696749,91.17647058823529
e938e1bc,18.345323741007196,54.67625899280576,13.503649635036496,21.942446043165468,7.194244604316546,31.294964028776977,,17.391304347826093,10.431654676259,31.294964028776977,16.24548736462094,33.82352941176471
855a210c,67.98561151079137,32.014388489208635,44.16058394160584,53.23741007194245,20.14388489208633,37.76978417266187,68.58638743455498,67.02898550724638,9.712230215827333,37.76978417266187,96.38989169675091,5.514705882352941
cf73ad76,14.028776978417264,20.14388489208633,34.306569343065696,12.949640287769784,76.97841726618705,49.280575539568346,68.58638743455498,13.043478260869563,42.805755395683455,50.0,32.49097472924188,45.955882352941174
f0af99a7,96.0431654676259,96.76258992805755,93.7956204379562,93.16546762589928,64.02877697841727,67.98561151079137,68.58638743455498,95.65217391304348,54.31654676258993,69.7841726618705,80.50541516245488,69.11764705882352
4ec07775,57.194244604316545,66.54676258992805,41.605839416058394,58.63309352517986,50.0,42.44604316546763,68.58638743455498,56.52173913043478,88.48920863309353,42.805755395683455,55.5956678700361,28.676470588235293
5574750c,61.87050359712231,90.64748201438849,52.18978102189781,57.9136690647482,17.62589928057554,31.294964028776977,,60.869565217391305,63.30935251798561,31.294964028776977,41.15523465703971,60.29411764705882
0f721006,29.496402877697843,79.13669064748201,22.99270072992701,31.294964028776977,15.467625899280577,31.294964028776977,,28.62318840579711,29.496402877697847,31.294964028776977,56.678700361010826,12.132352941176471
c8f5f961,38.1294964028777,52.87769784172662,73.35766423357664,17.26618705035971,35.61151079136691,42.44604316546763,68.58638743455498,37.31884057971014,24.460431654676256,42.805755395683455,19.133574007220215,92.64705882352942
a3b0600d,89.568345323741,97.48201438848922,84.30656934306569,12.589928057553957,39.92805755395683,44.24460431654676,68.58638743455498,89.13043478260869,58.63309352517986,44.60431654676259,90.97472924187726,29.044117647058826
41eb4a4f,11.510791366906476,22.302158273381295,15.693430656934307,14.028776978417264,11.870503597122301,31.294964028776977,,10.507246376811594,51.798561151079134,31.294964028776977,22.382671480144403,21.323529411764707
ad427b5c,15.467625899280577,14.028776978417264,16.423357664233578,23.381294964028775,31.654676258992804,31.294964028776977,,14.492753623188406,33.81294964028777,31.294964028776977,26.353790613718413,18.014705882352942
7050a1e7,37.76978417266187,65.10791366906474,17.88321167883212,37.410071942446045,43.884892086330936,31.294964028776977,,36.95652173913043,15.467625899280577,31.294964028776977,44.765342960288805,10.661764705882353
94d7f855,46.76258992805755,79.85611510791367,32.846715328467155,30.575539568345324,31.294964028776977,31.294964028776977,,46.014492753623195,63.30935251798561,31.294964028776977,65.70397111913357,15.808823529411764
b63ab531,42.086330935251794,53.23741007194245,27.73722627737226,24.100719424460433,66.54676258992805,49.280575539568346,68.58638743455498,41.30434782608695,26.258992805755398,50.0,39.71119133574007,27.941176470588236
0c94f480,26.618705035971225,20.503597122302157,63.503649635036496,16.906474820143885,24.100719424460433,44.24460431654676,68.58638743455498,25.72463768115942,5.0359712230215905,44.60431654676259,30.685920577617328,79.04411764705883
be24ead0,59.71223021582733,87.41007194244604,87.59124087591242,54.31654676258992,30.935251798561154,31.294964028776977,,59.05797101449276,83.09352517985612,31.294964028776977,38.98916967509025,87.86764705882352
7b679de5,66.90647482014388,76.2589928057554,72.62773722627736,51.07913669064749,83.45323741007195,83.09352517985612,68.58638743455498,66.66666666666667,40.647482014388494,84.53237410071942,59.56678700361011,58.45588235294118
c03c6200,26.978417266187048,76.61870503597122,33.21167883211679,38.489208633093526,34.53237410071942,44.24460431654676,68.58638743455498,26.08695652173914,34.17266187050359,44.60431654676259,32.49097472924188,44.85294117647059
541f85c9,16.18705035971223,3.237410071942446,16.78832116788321,6.83453237410072,22.302158273381295,42.44604316546763,68.58638743455498,15.217391304347828,17.62589928057554,42.805755395683455,20.216606498194945,25.735294117647058
0890552f,44.60431654676259,64.02877697841727,50.0,11.870503597122301,25.539568345323744,31.294964028776977,,43.84057971014492,41.72661870503597,31.294964028776977,31.768953068592058,69.85294117647058
662c47a6,12.23021582733813,24.100719424460433,32.11678832116788,57.194244604316545,35.97122302158273,31.294964028776977,,11.231884057971016,39.92805755395683,31.294964028776977,12.63537906137184,89.33823529411765
94253925,3.9568345323741005,2.877697841726619,13.86861313868613,9.352517985611511,20.863309352517987,31.294964028776977,,2.898550724637687,25.17985611510791,31.294964028776977,16.967509025270758,34.55882352941176
de8cce37,31.654676258992804,10.431654676258994,2.18978102189781,22.66187050359712,23.381294964028775,44.24460431654676,68.58638743455498,30.434782608695656,18.345323741007192,44.60431654676259,61.73285198555957,1.1029411764705883
1c2a64cd,47.122302158273385,78.41726618705036,37.95620437956204,73.02158273381295,30.575539568345324,31.294964028776977,,46.37681159420289,96.0431654676259,31.294964028776977,89.53068592057761,8.088235294117647
5451a2c1,28.41726618705036,16.906474820143885,78.1021897810219,20.863309352517987,30.575539568345324,42.44604316546763,68.58638743455498,27.53623188405797,29.136690647482013,42.805755395683455,27.075812274368232,86.76470588235294
f986ca1a,27.697841726618705,66.18705035971223,23.357664233576642,37.76978417266187,6.83453237410072,31.294964028776977,,26.811594202898547,27.697841726618705,31.294964028776977,15.162454873646208,73.89705882352942
11df3dc8,96.40287769784173,20.863309352517987,,89.20863309352518,49.64028776978417,52.51798561151079,68.58638743455498,96.3768115942029,11.15107913669064,53.23741007194245,68.95306859205776,
8ee36b18,96.0431654676259,71.22302158273382,,89.20863309352518,68.70503597122301,85.97122302158273,68.58638743455498,96.01449275362319,49.280575539568346,88.48920863309353,49.81949458483754,
6c882e9a,74.10071942446042,78.41726618705036,4.014598540145985,86.33093525179856,41.36690647482014,51.438848920863315,68.58638743455498,73.91304347826087,59.352517985611506,52.15827338129496,84.83754512635379,1.4705882352941175
bb965e9a,9.352517985611511,26.978417266187048,57.66423357664233,13.66906474820144,25.179856115107913,45.68345323741007,68.58638743455498,8.333333333333343,61.15107913669065,46.043165467625904,26.714801444043324,78.67647058823529
626c5379,16.906474820143885,14.388489208633093,30.29197080291971,47.482014388489205,25.899280575539567,31.294964028776977,,15.94202898550725,50.0,31.294964028776977,22.382671480144403,56.61764705882353
2be41edb,79.13669064748201,76.97841726618705,,98.20143884892086,46.76258992805755,51.438848920863315,68.58638743455498,78.98550724637681,16.906474820143885,52.15827338129496,66.4259927797834,
c5aef772,96.40287769784173,98.92086330935251,89.78102189781022,48.92086330935252,54.31654676258992,45.68345323741007,68.58638743455498,96.01449275362319,53.956834532374096,46.043165467625904,82.67148014440433,54.41176470588235
e62dd25d,23.381294964028775,40.647482014388494,17.153284671532848,26.258992805755394,17.985611510791365,31.294964028776977,,22.46376811594203,15.827338129496411,31.294964028776977,18.4115523465704,40.07352941176471
1ac746c8,87.41007194244604,38.1294964028777,,67.26618705035972,60.431654676258994,85.97122302158273,68.58638743455498,87.31884057971014,69.06474820143885,88.48920863309353,80.14440433212997,
d84378a4,12.589928057553957,13.66906474820144,17.51824817518248,21.58273381294964,21.223021582733814,31.294964028776977,,11.59420289855072,17.26618705035972,31.294964028776977,34.29602888086642,15.441176470588236
c05edf8e,34.172661870503596,45.32374100719424,28.467153284671532,23.021582733812952,38.489208633093526,31.294964028776977,,32.971014492753625,35.61151079136691,31.294964028776977,9.747292418772563,93.01470588235294
90de905a,88.48920863309353,96.0431654676259,84.67153284671532,96.40287769784173,19.06474820143885,31.294964028776977,,88.04347826086956,76.97841726618705,31.294964028776977,73.28519855595668,52.57352941176471
fdedb37c,65.46762589928058,36.330935251798564,19.34306569343066,55.03597122302158,52.87769784172662,83.09352517985612,68.58638743455498,65.21739130434783,23.02158273381295,84.53237410071942,55.23465703971119,9.558823529411764
2e11c706,93.88489208633094,98.56115107913669,77.00729927007299,89.92805755395683,43.52517985611511,31.294964028776977,,93.47826086956522,52.517985611510795,31.294964028776977,35.37906137184115,82.35294117647058
6afb26d6,41.007194244604314,30.215827338129497,33.57664233576642,41.007194244604314,22.66187050359712,31.294964028776977,,40.21739130434783,12.589928057553962,31.294964028776977,58.844765342960294,18.75
6b2ff18f,85.25179856115108,86.33093525179856,68.61313868613139,98.20143884892086,44.24460431654676,31.294964028776977,,84.78260869565217,88.12949640287769,31.294964028776977,40.07220216606498,76.47058823529412
a1f1829d,13.309352517985612,30.575539568345324,10.948905109489052,5.39568345323741,21.942446043165468,31.294964028776977,,12.318840579710141,4.3165467625899225,31.294964028776977,7.581227436823104,81.25
2815fe50,14.388489208633093,12.949640287769784,26.642335766423358,8.992805755395683,26.258992805755394,50.719424460431654,68.58638743455498,13.40579710144928,24.100719424460422,51.07913669064749,21.299638989169676,51.83823529411765
62af8546,73.7410071942446,75.89928057553958,38.68613138686132,69.7841726618705,18.345323741007196,31.294964028776977,,73.18840579710144,66.90647482014388,31.294964028776977,68.95306859205776,17.647058823529413
8d2c70ad,5.0359712230215825,5.39568345323741,6.934306569343065,4.316546762589928,14.388489208633093,31.294964028776977,,3.9855072463768124,6.834532374100718,31.294964028776977,6.137184115523466,87.5
26a85969,23.021582733812952,27.697841726618705,20.802919708029197,7.553956834532374,32.014388489208635,31.294964028776977,,22.101449275362313,16.54676258992805,31.294964028776977,11.191335740072201,84.92647058823529
cc1e8c68,19.06474820143885,37.410071942446045,12.043795620437956,36.330935251798564,11.151079136690647,31.294964028776977,,18.115942028985515,9.352517985611513,31.294964028776977,1.8050541516245486,100.0
c995d726,38.489208633093526,16.546762589928058,39.78102189781022,18.705035971223023,27.697841726618705,31.294964028776977,,37.68115942028986,30.2158273381295,31.294964028776977,28.880866425992778,61.39705882352941
a386e91b,29.856115107913666,82.73381294964028,79.1970802919708,21.58273381294964,97.84172661870504,100.0,68.58638743455498,29.347826086956516,61.15107913669065,100.0,25.992779783393498,87.86764705882352
1e66c162,25.179856115107913,33.45323741007194,20.072992700729927,42.805755395683455,15.827338129496402,31.294964028776977,,24.27536231884058,37.76978417266187,31.294964028776977,13.357400722021662,78.30882352941177
44a89551,17.985611510791365,45.68345323741007,64.59854014598541,62.94964028776978,71.22302158273382,67.98561151079137,68.58638743455498,17.391304347826093,73.02158273381295,69.7841726618705,50.54151624548736,60.66176470588235
bb18be76,7.553956834532374,17.26618705035971,9.48905109489051,16.18705035971223,10.79136690647482,31.294964028776977,,6.521739130434781,12.230215827338128,31.294964028776977,10.108303249097473,59.19117647058824
cf59b3f0,99.28057553956835,99.64028776978418,,100.0,34.53237410071942,58.27338129496403,68.58638743455498,99.27536231884058,38.84892086330935,60.07194244604317,98.91696750902527,
eea6b7f1,64.38848920863309,9.712230215827338,,69.7841726618705,43.884892086330936,31.294964028776977,,64.13043478260869,8.27338129496404,31.294964028776977,77.25631768953069,
c69a7b5c,16.546762589928058,34.53237410071942,16.05839416058394,33.81294964028777,42.805755395683455,31.294964028776977,,15.579710144927532,55.03597122302158,31.294964028776977,43.32129963898917,9.191176470588236
4d6d6280,79.13669064748201,5.755395683453238,99.27007299270073,38.84892086330935,67.62589928057554,74.46043165467626,68.58638743455498,78.98550724637681,13.309352517985602,75.53956834532374,64.62093862815884,95.58823529411765
27af6414,67.26618705035972,25.899280575539567,98.54014598540147,68.34532374100719,82.37410071942446,67.98561151079137,68.58638743455498,67.02898550724638,64.02877697841727,69.7841726618705,33.2129963898917,95.58823529411765
4e04666c,49.280575539568346,8.633093525179856,98.54014598540147,21.942446043165468,52.87769784172662,31.294964028776977,,48.91304347826087,4.3165467625899225,31.294964028776977,63.537906137184116,89.70588235294117
81c36ee9,8.633093525179856,52.15827338129496,14.5985401459854,14.748201438848922,16.18705035971223,31.294964028776977,,7.608695652173907,47.12230215827338,31.294964028776977,18.772563176895307,26.838235294117645
4ae1755b,58.27338129496403,14.388489208633093,35.4014598540146,3.237410071942446,40.28776978417266,53.956834532374096,100.0,57.971014492753625,27.33812949640287,31.294964028776977,65.34296028880865,16.911764705882355
c18496e1,48.92086330935252,74.82014388489209,51.82481751824818,91.00719424460432,50.719424460431654,31.294964028776977,,48.18840579710145,98.92086330935251,31.294964028776977,30.685920577617328,70.95588235294117
1fc6ef83,78.77697841726618,90.64748201438849,12.043795620437956,64.02877697841727,48.561151079136685,31.294964028776977,,78.6231884057971,57.55395683453237,31.294964028776977,98.55595667870037,1.8382352941176472
c15e2193,22.66187050359712,2.877697841726619,16.78832116788321,2.877697841726619,29.496402877697843,31.294964028776977,,22.101449275362313,39.20863309352518,31.294964028776977,37.90613718411552,12.132352941176471
afa7e784,30.215827338129497,3.9568345323741005,,17.26618705035971,17.62589928057554,31.294964028776977,,29.710144927536234,8.992805755395679,31.294964028776977,15.162454873646208,
26d041c4,35.25179856115108,62.23021582733813,28.832116788321166,66.18705035971223,60.431654676258994,63.66906474820144,68.58638743455498,34.78260869565217,46.402877697841724,65.46762589928058,73.6462093862816,9.558823529411764
864c199e,20.14388489208633,11.870503597122301,42.33576642335766,12.589928057553957,99.28057553956835,31.294964028776977,,19.565217391304344,94.60431654676259,31.294964028776977,41.87725631768953,46.69117647058824
e342e5fb,92.80575539568345,98.92086330935251,92.7007299270073,42.44604316546763,19.424460431654676,31.294964028776977,,92.7536231884058,38.48920863309353,31.294964028776977,10.830324909747292,97.79411764705883
7a8bd078,18.705035971223023,5.0359712230215825,22.26277372262774,24.46043165467626,16.906474820143885,31.294964028776977,,17.753623188405797,37.76978417266187,31.294964028776977,9.386281588447654,90.44117647058823
fa463154,15.107913669064748,21.58273381294964,24.45255474452555,17.985611510791365,29.136690647482016,31.294964028776977,,14.130434782608688,71.22302158273382,31.294964028776977,8.303249097472925,92.27941176470588
ab89348d,53.956834532374096,74.82014388489209,41.97080291970803,53.956834532374096,28.776978417266186,31.294964028776977,,53.6231884057971,73.02158273381295,31.294964028776977,56.678700361010826,27.941176470588236
af2c687b,72.66187050359713,60.07194244604317,4.37956204379562,19.06474820143885,22.302158273381295,31.294964028776977,,72.46376811594203,13.669064748201436,31.294964028776977,18.4115523465704,4.044117647058823
a90e53ec,64.38848920863309,24.46043165467626,0.36496350364963503,63.30935251798561,34.53237410071942,31.294964028776977,,64.13043478260869,17.62589928057554,31.294964028776977,22.382671480144403,0.3676470588235294
1c84109e,72.66187050359713,91.36690647482014,39.05109489051095,85.25179856115108,70.50359712230215,58.27338129496403,68.58638743455498,72.46376811594203,35.97122302158273,60.07194244604317,63.898916967509024,22.426470588235293
063b3673,65.46762589928058,7.553956834532374,21.16788321167883,6.474820143884892,27.33812949640288,31.294964028776977,,64.85507246376812,30.935251798561154,31.294964028776977,49.81949458483754,13.23529411764706
30a2649b,40.28776978417266,31.294964028776977,19.34306569343066,28.41726618705036,26.258992805755394,31.294964028776977,,39.492753623188406,6.474820143884898,31.294964028776977,26.353790613718413,24.63235294117647
f5180fe6,8.992805755395683,35.97122302158273,11.678832116788321,19.424460431654676,16.546762589928058,31.294964028776977,,7.971014492753625,13.309352517985602,31.294964028776977,5.415162454873646,96.32352941176471
710dd98c,38.84892086330935,2.877697841726619,43.79562043795621,7.553956834532374,100.0,85.97122302158273,68.58638743455498,38.40579710144928,94.60431654676259,88.48920863309353,41.87725631768953,48.529411764705884
8fd1a8f5,10.431654676258994,10.79136690647482,11.313868613138686,5.755395683453238,5.755395683453238,31.294964028776977,,9.420289855072468,22.66187050359713,31.294964028776977,3.6101083032490973,97.05882352941177
970ddd24,84.17266187050359,96.0431654676259,38.68613138686132,62.589928057553955,51.07913669064749,58.27338129496403,68.58638743455498,84.05797101449275,97.12230215827338,60.07194244604317,96.38989169675091,4.411764705882353
2461eef2,10.431654676258994,5.755395683453238,100.0,26.258992805755394,25.899280575539567,31.294964028776977,,9.420289855072468,35.25179856115108,31.294964028776977,16.967509025270758,98.52941176470588
3c55c703,92.44604316546763,52.15827338129496,,52.87769784172662,29.136690647482016,63.66906474820144,68.58638743455498,92.3913043478261,35.25179856115108,65.46762589928058,22.382671480144403,
bd54eef5,43.884892086330936,6.474820143884892,5.474452554744526,48.561151079136685,29.136690647482016,31.294964028776977,,43.47826086956522,19.7841726618705,31.294964028776977,49.458483754512635,2.5735294117647056
f846de6a,7.194244604316546,32.37410071942446,37.95620437956204,2.877697841726619,14.748201438848922,31.294964028776977,,6.521739130434781,7.913669064748191,31.294964028776977,19.855595667870034,75.36764705882352
05c2ca46,24.100719424460433,60.07194244604317,14.963503649635038,15.827338129496402,21.58273381294964,31.294964028776977,,23.188405797101453,17.985611510791372,31.294964028776977,51.985559566786996,6.61764705882353
c654af19,6.115107913669065,2.877697841726619,16.78832116788321,4.316546762589928,35.61151079136691,51.438848920863315,68.58638743455498,5.434782608695656,35.61151079136691,52.15827338129496,12.996389891696749,67.64705882352942
5ffc0565,98.92086330935251,85.97122302158273,72.62773722627736,99.64028776978418,34.172661870503596,31.294964028776977,,98.91304347826087,89.20863309352518,31.294964028776977,95.66787003610109,14.705882352941178
d7423da1,90.64748201438849,95.32374100719424,81.75182481751825,99.64028776978418,45.68345323741007,31.294964028776977,,90.57971014492753,75.17985611510791,31.294964028776977,70.7581227436823,50.73529411764706
8f6dd463,84.17266187050359,90.64748201438849,80.65693430656934,34.172661870503596,24.100719424460433,31.294964028776977,,84.05797101449275,59.71223021582734,31.294964028776977,66.4259927797834,58.82352941176471
59559bc2,90.64748201438849,76.61870503597122,60.58394160583942,98.56115107913669,77.6978417266187,31.294964028776977,,90.57971014492753,96.0431654676259,31.294964028776977,94.94584837545126,11.029411764705882
92aeac25,47.122302158273385,49.280575539568346,,80.2158273381295,55.39568345323741,31.294964028776977,,46.7391304347826,36.69064748201439,31.294964028776977,17.328519855595665,
aa8d28ae,69.06474820143885,71.58273381294964,56.934306569343065,63.30935251798561,75.89928057553958,31.294964028776977,,68.84057971014494,97.12230215827338,31.294964028776977,19.133574007220215,86.02941176470588
12314277,64.38848920863309,94.96402877697841,38.32116788321168,87.05035971223022,39.92805755395683,51.438848920863315,68.58638743455498,64.13043478260869,53.597122302158276,52.15827338129496,89.89169675090253,7.720588235294118
88fccd6c,63.66906474820144,74.46043165467626,86.86131386861314,17.985611510791365,29.496402877697843,31.294964028776977,,63.405797101449274,47.48201438848921,31.294964028776977,26.714801444043324,91.54411764705883
756389bd,89.92805755395683,15.827338129496402,0.36496350364963503,68.34532374100719,29.136690647482016,67.98561151079137,68.58638743455498,89.85507246376811,16.54676258992805,69.7841726618705,81.2274368231047,0.3676470588235294
dc9dd038,24.820143884892087,35.25179856115108,52.18978102189781,37.05035971223021,25.899280575539567,31.294964028776977,,24.27536231884058,46.402877697841724,31.294964028776977,16.24548736462094,90.44117647058823
23eeb873,50.719424460431654,84.17266187050359,20.437956204379564,83.09352517985612,20.863309352517987,31.294964028776977,,50.0,36.69064748201439,31.294964028776977,94.94584837545126,3.6764705882352944
addbde6c,14.028776978417264,2.5179856115107913,6.204379562043796,15.107913669064748,19.424460431654676,58.27338129496403,68.58638743455498,13.40579710144928,11.870503597122308,60.07194244604317,32.49097472924188,3.308823529411765
1399b39c,72.3021582733813,14.748201438848922,,44.60431654676259,25.539568345323744,31.294964028776977,,72.10144927536231,13.669064748201436,31.294964028776977,19.133574007220215,
e4a0deae,17.62589928057554,45.68345323741007,27.00729927007299,42.44604316546763,27.33812949640288,31.294964028776977,,16.666666666666657,34.53237410071942,31.294964028776977,9.025270758122744,93.38235294117648
95a2ea61,30.575539568345324,65.82733812949641,37.591240875912405,89.20863309352518,27.33812949640288,52.51798561151079,68.58638743455498,30.072463768115938,33.81294964028777,53.23741007194245,24.90974729241877,63.60294117647059
9a46c4e5,26.978417266187048,75.89928057553958,60.58394160583942,62.589928057553955,14.748201438848922,31.294964028776977,,26.44927536231883,27.33812949640287,31.294964028776977,24.187725631768952,81.98529411764706
57efa3be,7.913669064748201,12.23021582733813,38.32116788321168,6.474820143884892,30.935251798561154,31.294964028776977,,7.246376811594203,39.92805755395683,31.294964028776977,16.24548736462094,84.19117647058823
619aa81f,29.136690647482016,14.028776978417264,,21.58273381294964,25.899280575539567,67.98561151079137,68.58638743455498,28.62318840579711,13.669064748201436,69.7841726618705,96.38989169675091,
2ed569a0,33.45323741007194,32.37410071942446,15.328467153284672,19.784172661870503,6.115107913669065,31.294964028776977,,32.60869565217391,3.597122302158269,31.294964028776977,2.166064981949458,99.63235294117648
ff077124,97.48201438848922,91.72661870503596,43.79562043795621,83.45323741007195,58.27338129496403,78.41726618705036,68.58638743455498,97.46376811594203,25.899280575539578,80.93525179856115,99.63898916967509,1.8382352941176472
2728e7e9,3.597122302158273,26.258992805755394,16.423357664233578,20.14388489208633,12.949640287769784,31.294964028776977,,2.898550724637687,21.58273381294964,31.294964028776977,7.581227436823104,84.19117647058823
331ea488,53.956834532374096,20.503597122302157,,33.093525179856115,41.007194244604314,31.294964028776977,,53.6231884057971,46.402877697841724,31.294964028776977,12.274368231046932,
e86754b2,17.26618705035971,17.26618705035971,28.832116788321166,52.87769784172662,57.55395683453237,58.27338129496403,68.58638743455498,16.666666666666657,83.45323741007195,60.07194244604317,24.187725631768952,50.0
5bb5a915,61.87050359712231,57.194244604316545,35.03649635036496,92.08633093525181,12.949640287769784,31.294964028776977,,60.869565217391305,69.06474820143885,31.294964028776977,37.545126353790614,38.60294117647059
9385de2e,30.575539568345324,28.41726618705036,17.51824817518248,71.22302158273382,15.827338129496402,31.294964028776977,,30.072463768115938,13.669064748201436,31.294964028776977,63.537906137184116,5.147058823529411
759ac88f,7.913669064748201,19.424460431654676,8.394160583941606,27.697841726618705,5.0359712230215825,31.294964028776977,,6.884057971014485,7.194244604316552,31.294964028776977,11.552346570397113,42.64705882352941
53f27a35,22.66187050359712,9.712230215827338,31.386861313868614,18.705035971223023,56.83453237410072,67.98561151079137,68.58638743455498,22.101449275362313,36.69064748201439,69.7841726618705,34.65703971119133,35.661764705882355
605b7efa,7.553956834532374,2.877697841726619,10.583941605839415,31.294964028776977,28.776978417266186,31.294964028776977,,6.884057971014485,53.23741007194245,31.294964028776977,18.4115523465704,18.014705882352942
dd09ff8e,50.35971223021583,82.01438848920863,21.532846715328464,50.719424460431654,15.107913669064748,31.294964028776977,,49.63768115942029,26.618705035971217,31.294964028776977,50.54151624548736,13.602941176470587
28c78fb3,11.151079136690647,14.028776978417264,23.357664233576642,16.18705035971223,28.05755395683453,31.294964028776977,,10.507246376811594,32.37410071942446,31.294964028776977,13.357400722021662,80.88235294117648
16043342,21.58273381294964,31.294964028776977,19.34306569343066,18.345323741007196,55.03597122302158,31.294964028776977,,21.014492753623188,72.3021582733813,31.294964028776977,12.996389891696749,75.36764705882352
a2870fb7,20.14388489208633,2.877697841726619,64.59854014598541,21.942446043165468,77.6978417266187,78.41726618705036,68.58638743455498,19.565217391304344,11.870503597122308,80.93525179856115,18.4115523465704,91.54411764705883
d7c6af50,14.748201438848922,9.712230215827338,19.708029197080293,26.978417266187048,24.46043165467626,31.294964028776977,,13.768115942028984,65.46762589928058,31.294964028776977,14.440433212996389,66.91176470588235
1efb8a28,95.32374100719424,12.23021582733813,,47.84172661870504,27.697841726618705,74.46043165467626,68.58638743455498,95.28985507246377,5.0359712230215905,75.53956834532374,89.89169675090253,
13c35c9e,12.949640287769784,27.33812949640288,24.087591240875913,9.712230215827338,7.553956834532374,31.294964028776977,,11.956521739130437,23.381294964028783,31.294964028776977,5.776173285198556,97.79411764705883
7eae4418,79.13669064748201,76.2589928057554,96.35036496350365,33.45323741007194,26.258992805755394,31.294964028776977,,78.98550724637681,56.47482014388489,31.294964028776977,41.87725631768953,91.91176470588235
91a4a398,7.194244604316546,7.194244604316546,8.02919708029197,2.5179856115107913,6.474820143884892,31.294964028776977,,6.159420289855078,4.6762589928057565,31.294964028776977,2.527075812274368,98.52941176470588
2f49c897,11.151079136690647,18.345323741007196,6.204379562043796,7.194244604316546,10.071942446043165,31.294964028776977,,10.14492753623189,2.517985611510781,31.294964028776977,5.415162454873646,88.60294117647058
12eddf28,4.316546762589928,15.467625899280577,12.408759124087592,8.633093525179856,10.071942446043165,31.294964028776977,,3.2608695652173907,33.093525179856115,31.294964028776977,12.274368231046932,57.720588235294116
557153ca,94.96402877697841,96.0431654676259,78.83211678832117,91.36690647482014,16.906474820143885,31.294964028776977,,94.92753623188406,37.05035971223022,31.294964028776977,73.28519855595668,45.588235294117645
1a156c88,47.84172661870504,48.201438848920866,,89.20863309352518,25.899280575539567,31.294964028776977,,47.46376811594203,14.748201438848923,31.294964028776977,96.38989169675091,
378daa89,23.741007194244602,61.51079136690647,35.4014598540146,13.309352517985612,15.827338129496402,58.27338129496403,68.58638743455498,23.188405797101453,8.992805755395679,60.07194244604317,16.60649819494585,80.88235294117648
8cf9814c,20.503597122302157,38.1294964028777,9.124087591240876,42.086330935251794,4.316546762589928,31.294964028776977,,19.565217391304344,7.913669064748191,31.294964028776977,28.880866425992778,7.352941176470589
abfeb126,3.597122302158273,2.877697841726619,8.75912408759124,12.589928057553957,25.899280575539567,31.294964028776977,,2.898550724637687,98.20143884892086,31.294964028776977,33.57400722021661,5.147058823529411
3fb19989,6.83453237410072,2.5179856115107913,5.839416058394161,14.388489208633093,7.913669064748201,31.294964028776977,,5.434782608695656,23.741007194244602,31.294964028776977,27.436823104693143,4.044117647058823
39f82db3,45.32374100719424,46.76258992805755,,16.546762589928058,68.34532374100719,31.294964028776977,,44.927536231884055,7.194244604316552,31.294964028776977,86.28158844765343,
3eac9d95,8.273381294964029,40.647482014388494,19.34306569343066,26.258992805755394,17.985611510791365,31.294964028776977,,7.608695652173907,19.42446043165468,31.294964028776977,10.830324909747292,83.08823529411765
cca50cd6,98.92086330935251,46.76258992805755,98.54014598540147,16.18705035971223,41.007194244604314,31.294964028776977,,98.91304347826087,92.0863309352518,31.294964028776977,18.4115523465704,97.05882352941177
d2a989fc,5.39568345323741,10.071942446043165,8.75912408759124,10.071942446043165,13.309352517985612,31.294964028776977,,4.347826086956516,30.2158273381295,31.294964028776977,5.415162454873646,95.58823529411765
23ac69e6,35.25179856115108,19.424460431654676,0.36496350364963503,4.316546762589928,22.302158273381295,74.46043165467626,68.58638743455498,34.78260869565217,4.3165467625899225,75.53956834532374,68.95306859205776,0.3676470588235294
facb9086,24.100719424460433,12.23021582733813,15.693430656934307,38.84892086330935,20.14388489208633,31.294964028776977,,23.55072463768117,39.20863309352518,31.294964028776977,49.81949458483754,7.720588235294118
ae78bc32,79.13669064748201,95.68345323741008,58.3941605839416,10.79136690647482,10.79136690647482,31.294964028776977,,78.6231884057971,8.992805755395679,31.294964028776977,6.859205776173286,97.42647058823529
9b4935c8,3.9568345323741005,2.5179856115107913,8.394160583941606,5.755395683453238,25.899280575539567,31.294964028776977,,3.2608695652173907,9.352517985611513,31.294964028776977,13.357400722021662,26.10294117647059
f842c2cf,20.863309352517987,2.5179856115107913,,19.06474820143885,25.899280575539567,31.294964028776977,,20.289855072463766,21.58273381294964,31.294964028776977,9.025270758122744,
172dff15,83.81294964028777,78.77697841726618,59.12408759124088,1.079136690647482,82.73381294964028,31.294964028776977,,83.69565217391305,73.38129496402877,31.294964028776977,2.888086642599278,99.26470588235294
663b5e34,83.81294964028777,15.827338129496402,59.12408759124088,62.94964028776978,82.73381294964028,85.97122302158273,68.58638743455498,83.69565217391305,32.73381294964028,88.48920863309353,84.47653429602889,19.852941176470587
a818c1be,10.071942446043165,41.726618705035975,12.773722627737227,0.7194244604316548,8.273381294964029,31.294964028776977,,9.05797101449275,25.539568345323744,31.294964028776977,16.24548736462094,31.985294117647058
a84468fe,31.654676258992804,32.73381294964029,,16.546762589928058,17.985611510791365,31.294964028776977,,31.159420289855078,2.517985611510781,31.294964028776977,64.98194945848375,
9219eff0,5.755395683453238,12.23021582733813,6.569343065693431,25.539568345323744,11.510791366906476,31.294964028776977,,5.072463768115938,23.02158273381295,31.294964028776977,33.2129963898917,4.044117647058823
0aadc906,16.546762589928058,12.23021582733813,21.16788321167883,69.06474820143885,12.949640287769784,31.294964028776977,,15.94202898550725,8.63309352517986,31.294964028776977,16.60649819494585,65.07352941176471
08548b13,21.942446043165468,19.06474820143885,9.854014598540147,72.66187050359713,49.280575539568346,31.294964028776977,,21.37681159420289,90.64748201438849,31.294964028776977,97.47292418772562,1.8382352941176472
ebcfef83,33.093525179856115,74.46043165467626,63.503649635036496,59.71223021582733,79.13669064748201,31.294964028776977,,32.60869565217391,85.61151079136691,31.294964028776977,16.60649819494585,92.64705882352942
7c7d63a2,32.73381294964029,68.34532374100719,16.05839416058394,74.10071942446042,11.510791366906476,31.294964028776977,,32.2463768115942,11.15107913669064,31.294964028776977,67.14801444043322,4.779411764705882
90edaaa9,17.985611510791365,5.755395683453238,26.642335766423358,48.561151079136685,48.201438848920866,31.294964028776977,,17.391304347826093,38.84892086330935,31.294964028776977,2.888086642599278,99.26470588235294
7d415ea5,2.5179856115107913,8.273381294964029,,3.597122302158273,11.510791366906476,31.294964028776977,,1.8115942028985472,4.3165467625899225,31.294964028776977,14.079422382671481,
e148e6bd,74.82014388489209,37.410071942446045,17.51824817518248,77.6978417266187,99.28057553956835,31.294964028776977,,74.63768115942028,53.956834532374096,31.294964028776977,94.22382671480143,3.308823529411765
f10e94c4,6.83453237410072,11.510791366906476,6.204379562043796,4.316546762589928,7.194244604316546,31.294964028776977,,6.159420289855078,16.906474820143885,31.294964028776977,17.328519855595665,6.61764705882353
3ff033bb,28.05755395683453,71.58273381294964,19.34306569343066,21.58273381294964,15.827338129496402,31.294964028776977,,27.53623188405797,30.2158273381295,31.294964028776977,63.1768953068592,7.720588235294118
85aae393,16.18705035971223,5.39568345323741,16.78832116788321,27.33812949640288,98.56115107913669,31.294964028776977,,15.579710144927532,35.61151079136691,31.294964028776977,7.9422382671480145,83.82352941176471
a12e1d51,11.870503597122301,48.201438848920866,7.2992700729927,11.510791366906476,3.597122302158273,31.294964028776977,,10.869565217391312,3.237410071942449,31.294964028776977,7.581227436823104,48.161764705882355
24d94623,49.64028776978417,64.02877697841727,32.11678832116788,75.89928057553958,15.107913669064748,31.294964028776977,,49.27536231884058,35.61151079136691,31.294964028776977,50.54151624548736,23.52941176470588
f4cb4f53,15.827338129496402,14.748201438848922,2.9197080291970803,14.748201438848922,43.884892086330936,31.294964028776977,,15.217391304347828,69.42446043165468,31.294964028776977,35.37906137184115,1.8382352941176472
51a3c5ef,55.03597122302158,91.36690647482014,13.138686131386862,69.06474820143885,4.676258992805756,31.294964028776977,,54.34782608695652,5.75539568345323,31.294964028776977,93.14079422382672,2.941176470588235
18c78b11,72.66187050359713,55.39568345323741,,27.33812949640288,19.424460431654676,78.41726618705036,68.58638743455498,72.46376811594203,3.597122302158269,80.93525179856115,67.14801444043322,
56ab442f,39.92805755395683,57.194244604316545,22.62773722627737,92.44604316546763,5.39568345323741,31.294964028776977,,39.13043478260869,6.474820143884898,31.294964028776977,6.4981949458483745,96.69117647058823
bcce309e,3.597122302158273,32.73381294964029,12.043795620437956,48.561151079136685,11.510791366906476,31.294964028776977,,2.898550724637687,88.12949640287769,31.294964028776977,35.37906137184115,9.558823529411764
a97c8ec2,6.83453237410072,4.316546762589928,10.218978102189782,24.820143884892087,3.237410071942446,31.294964028776977,,5.434782608695656,12.949640287769782,31.294964028776977,7.9422382671480145,72.05882352941177
0dc00542,98.56115107913669,97.84172661870504,97.8102189781022,100.0,11.510791366906476,31.294964028776977,,98.55072463768116,21.58273381294964,31.294964028776977,16.24548736462094,97.05882352941177
ffe699c0,3.9568345323741005,30.575539568345324,13.503649635036496,13.309352517985612,6.115107913669065,31.294964028776977,,3.2608695652173907,20.503597122302153,31.294964028776977,0.36101083032490977,100.0
d872f52a,47.84172661870504,2.5179856115107913,44.16058394160584,21.58273381294964,35.61151079136691,31.294964028776977,,47.46376811594203,32.37410071942446,31.294964028776977,42.59927797833935,47.05882352941176
60500956,11.510791366906476,15.827338129496402,19.34306569343066,11.151079136690647,25.899280575539567,31.294964028776977,,10.869565217391312,69.06474820143885,31.294964028776977,16.967509025270758,53.30882352941176
3edb58fc,3.9568345323741005,5.755395683453238,19.34306569343066,27.697841726618705,6.83453237410072,31.294964028776977,,3.2608695652173907,67.98561151079136,31.294964028776977,7.9422382671480145,86.02941176470588
4c5d73db,15.107913669064748,14.388489208633093,13.138686131386862,15.827338129496402,16.906474820143885,31.294964028776977,,14.130434782608688,24.100719424460422,31.294964028776977,7.9422382671480145,80.14705882352942
e4cdf230,19.424460431654676,20.863309352517987,40.51094890510949,45.32374100719424,10.071942446043165,31.294964028776977,,18.840579710144922,67.98561151079136,31.294964028776977,10.830324909747292,95.22058823529412
39086549,21.223021582733814,5.755395683453238,2.18978102189781,0.0,34.172661870503596,31.294964028776977,,20.652173913043484,14.748201438848923,31.294964028776977,66.4259927797834,0.7352941176470588
68c56d09,26.978417266187048,55.39568345323741,30.29197080291971,40.28776978417266,25.539568345323744,31.294964028776977,,26.44927536231883,4.3165467625899225,31.294964028776977,7.581227436823104,95.58823529411765
af7dadf7,64.38848920863309,86.33093525179856,35.4014598540146,89.92805755395683,15.827338129496402,31.294964028776977,,64.13043478260869,21.58273381294964,31.294964028776977,64.98194945848375,17.27941176470588
dded65e7,2.877697841726619,2.5179856115107913,7.2992700729927,1.079136690647482,25.179856115107913,31.294964028776977,,2.173913043478265,7.194244604316552,31.294964028776977,13.357400722021662,17.647058823529413
462411b3,4.676258992805756,4.676258992805756,5.474452554744526,5.0359712230215825,8.992805755395683,31.294964028776977,,3.6231884057971087,14.748201438848923,31.294964028776977,84.83754512635379,1.8382352941176472
d2d4bb0a,70.14388489208633,23.381294964028775,56.934306569343065,10.431654676258994,24.100719424460433,31.294964028776977,,69.92753623188406,17.26618705035972,31.294964028776977,7.9422382671480145,96.32352941176471
fcc21ace,56.83453237410072,77.33812949640287,19.34306569343066,98.92086330935251,55.39568345323741,31.294964028776977,,56.52173913043478,94.60431654676259,31.294964028776977,99.63898916967509,1.4705882352941175
b970a03f,15.107913669064748,2.5179856115107913,,4.316546762589928,29.496402877697843,31.294964028776977,,14.130434782608688,14.748201438848923,31.294964028776977,13.357400722021662,
36d33dd0,7.194244604316546,6.115107913669065,,13.309352517985612,29.496402877697843,31.294964028776977,,6.521739130434781,32.37410071942446,31.294964028776977,12.274368231046932,
2f9d0389,72.66187050359713,35.25179856115108,43.79562043795621,97.48201438848922,52.87769784172662,31.294964028776977,,72.46376811594203,99.28057553956835,31.294964028776977,,
0494fa6e,17.985611510791365,65.46762589928058,33.57664233576642,1.7985611510791366,14.388489208633093,31.294964028776977,,17.391304347826093,23.02158273381295,31.294964028776977,72.92418772563177,10.661764705882353
cbf58a86,57.55395683453237,20.863309352517987,,62.94964028776978,20.863309352517987,31.294964028776977,,57.2463768115942,3.9568345323741028,31.294964028776977,7.581227436823104,
4125d931,35.25179856115108,45.68345323741007,79.56204379562044,28.05755395683453,28.05755395683453,31.294964028776977,,34.78260869565217,10.431654676259,31.294964028776977,3.6101083032490973,98.89705882352942
1b7b0fa7,92.80575539568345,35.25179856115108,,,100.0,100.0,68.58638743455498,92.7536231884058,80.93525179856115,100.0,98.55595667870037,
bff458c6,2.877697841726619,2.5179856115107913,12.043795620437956,6.474820143884892,19.06474820143885,31.294964028776977,,2.173913043478265,11.870503597122308,31.294964028776977,5.415162454873646,96.32352941176471
eef2536f,95.68345323741008,88.12949640287769,35.4014598540146,97.12230215827337,27.33812949640288,31.294964028776977,,95.28985507246377,20.143884892086334,31.294964028776977,100.0,1.4705882352941175
5d096f3d,11.151079136690647,8.273381294964029,12.408759124087592,13.309352517985612,45.68345323741007,31.294964028776977,,10.507246376811594,27.33812949640287,31.294964028776977,0.36101083032490977,
5d9a1a73,10.79136690647482,31.294964028776977,6.569343065693431,2.877697841726619,2.5179856115107913,31.294964028776977,,9.782608695652172,1.7985611510791415,31.294964028776977,5.415162454873646,90.80882352941177
0c9652b0,27.33812949640288,2.5179856115107913,26.642335766423358,4.316546762589928,44.24460431654676,31.294964028776977,,26.811594202898547,9.712230215827333,31.294964028776977,19.855595667870034,56.25
3a60e0b5,2.877697841726619,5.755395683453238,5.474452554744526,1.079136690647482,4.316546762589928,31.294964028776977,,2.173913043478265,13.669064748201436,31.294964028776977,6.4981949458483745,49.26470588235294
9ab63e7b,11.151079136690647,13.66906474820144,12.043795620437956,16.18705035971223,7.194244604316546,31.294964028776977,,10.507246376811594,2.517985611510781,31.294964028776977,7.581227436823104,82.35294117647058
3cea23da,63.66906474820144,31.294964028776977,,32.014388489208635,15.827338129496402,31.294964028776977,,63.405797101449274,20.863309352517987,31.294964028776977,61.371841155234655,
7bb62642,10.071942446043165,8.273381294964029,7.2992700729927,6.474820143884892,25.539568345323744,31.294964028776977,,9.420289855072468,11.870503597122308,31.294964028776977,22.382671480144403,4.779411764705882
ddc0828d,22.66187050359712,28.41726618705036,37.95620437956204,13.309352517985612,79.85611510791367,31.294964028776977,,22.101449275362313,48.92086330935251,31.294964028776977,22.382671480144403,70.22058823529412
acc1aeda,9.352517985611511,9.352517985611511,13.503649635036496,35.61151079136691,11.510791366906476,31.294964028776977,,8.695652173913047,70.86330935251799,31.294964028776977,18.4115523465704,24.63235294117647
ce820073,2.5179856115107913,2.5179856115107913,4.37956204379562,7.913669064748201,11.510791366906476,31.294964028776977,,1.4492753623188293,35.97122302158273,31.294964028776977,12.274368231046932,8.455882352941178
957532de,17.985611510791365,2.5179856115107913,11.313868613138686,46.043165467625904,22.302158273381295,31.294964028776977,,17.391304347826093,27.33812949640287,31.294964028776977,13.357400722021662,42.64705882352941
77b1aa15,31.654676258992804,53.956834532374096,6.204379562043796,51.07913669064749,10.071942446043165,31.294964028776977,,31.159420289855078,3.237410071942449,31.294964028776977,68.59205776173285,2.2058823529411766
e38bce7a,37.410071942446045,12.23021582733813,8.394160583941606,16.546762589928058,73.38129496402878,31.294964028776977,,36.95652173913043,90.64748201438849,31.294964028776977,70.3971119133574,2.941176470588235
5bb1a1c4,6.115107913669065,19.06474820143885,5.109489051094891,2.158273381294964,9.352517985611511,31.294964028776977,,5.072463768115938,3.9568345323741028,31.294964028776977,13.718411552346572,6.25
3dba85c2,1.079136690647482,2.5179856115107913,5.474452554744526,1.7985611510791366,8.633093525179856,31.294964028776977,,0.36231884057971797,42.0863309352518,31.294964028776977,7.581227436823104,29.411764705882355
de8d3876,3.597122302158273,7.194244604316546,6.204379562043796,6.474820143884892,11.510791366906476,31.294964028776977,,2.898550724637687,9.352517985611513,31.294964028776977,7.581227436823104,42.279411764705884
46a9bea1,51.438848920863315,94.96402877697841,45.25547445255474,91.72661870503596,18.345323741007196,31.294964028776977,,51.08695652173913,66.90647482014388,31.294964028776977,0.36101083032490977,
7b44eb3e,39.20863309352518,12.23021582733813,32.481751824817515,15.827338129496402,6.83453237410072,31.294964028776977,,38.76811594202898,32.37410071942446,31.294964028776977,7.581227436823104,95.22058823529412
7f048519,13.66906474820144,2.5179856115107913,12.043795620437956,5.0359712230215825,62.23021582733813,31.294964028776977,,13.043478260869563,3.597122302158269,31.294964028776977,11.552346570397113,54.41176470588235
327b58d3,22.66187050359712,69.7841726618705,16.78832116788321,41.36690647482014,17.985611510791365,31.294964028776977,,22.101449275362313,27.33812949640287,31.294964028776977,22.382671480144403,23.897058823529413
e249fdaa,7.913669064748201,2.5179856115107913,2.18978102189781,2.877697841726619,6.83453237410072,31.294964028776977,,7.246376811594203,3.237410071942449,31.294964028776977,13.357400722021662,1.8382352941176472
c3d1402f,1.4388489208633095,6.115107913669065,4.014598540145985,1.7985611510791366,1.7985611510791366,31.294964028776977,,0.36231884057971797,6.115107913669064,31.294964028776977,2.888086642599278,95.95588235294117
64c34cd0,10.431654676258994,2.5179856115107913,13.86861313868613,20.863309352517987,16.906474820143885,31.294964028776977,,9.782608695652172,97.12230215827338,31.294964028776977,22.382671480144403,18.75
23cca426,25.899280575539567,95.68345323741008,28.102189781021895,100.0,27.33812949640288,31.294964028776977,,25.0,5.0359712230215905,31.294964028776977,2.888086642599278,99.26470588235294
c38d3503,10.79136690647482,25.899280575539567,7.2992700729927,12.589928057553957,3.597122302158273,31.294964028776977,,10.14492753623189,4.3165467625899225,31.294964028776977,6.4981949458483745,79.77941176470588
7daedf2f,7.913669064748201,11.151079136690647,5.839416058394161,16.18705035971223,11.510791366906476,31.294964028776977,,7.246376811594203,22.66187050359713,31.294964028776977,47.65342960288809,2.5735294117647056
d68e7f48,7.913669064748201,31.294964028776977,10.583941605839415,69.06474820143885,11.510791366906476,31.294964028776977,,7.246376811594203,8.992805755395679,31.294964028776977,18.4115523465704,18.014705882352942
983f2f61,22.66187050359712,69.7841726618705,27.73722627737226,42.44604316546763,11.510791366906476,31.294964028776977,,22.101449275362313,19.42446043165468,31.294964028776977,19.133574007220215,63.970588235294116
b2570b38,15.467625899280577,11.151079136690647,13.503649635036496,0.0,11.510791366906476,31.294964028776977,,14.85507246376811,7.913669064748191,31.294964028776977,0.36101083032490977,
0a3d54b9,2.5179856115107913,16.546762589928058,3.2846715328467155,3.237410071942446,11.510791366906476,31.294964028776977,,1.8115942028985472,2.517985611510781,31.294964028776977,0.36101083032490977,
0604ef16,3.597122302158273,52.15827338129496,30.29197080291971,17.26618705035971,5.0359712230215825,31.294964028776977,,2.898550724637687,8.63309352517986,31.294964028776977,3.6101083032490973,97.79411764705883
acdc62f5,16.546762589928058,2.5179856115107913,7.664233576642336,7.553956834532374,5.0359712230215825,31.294964028776977,,15.94202898550725,8.992805755395679,31.294964028776977,,
3a02626a,43.16546762589928,2.5179856115107913,,8.992805755395683,10.071942446043165,31.294964028776977,,42.7536231884058,0.7194244604316538,31.294964028776977,,
b9be6507,63.30935251798561,50.35971223021583,25.91240875912409,4.316546762589928,10.071942446043165,31.294964028776977,,63.04347826086957,21.58273381294964,31.294964028776977,22.382671480144403,48.161764705882355
f836b33d,36.69064748201439,10.071942446043165,,12.23021582733813,25.899280575539567,31.294964028776977,,36.23188405797102,2.1582733812949613,31.294964028776977,2.888086642599278,
a9fd84fb,31.654676258992804,12.949640287769784,16.05839416058394,13.309352517985612,25.899280575539567,31.294964028776977,,31.159420289855078,24.100719424460422,31.294964028776977,0.36101083032490977,
297b26da,3.9568345323741005,2.5179856115107913,22.62773722627737,3.597122302158273,14.388489208633093,31.294964028776977,,3.2608695652173907,3.237410071942449,31.294964028776977,11.191335740072201,87.13235294117648
926c7443,86.33093525179856,64.74820143884892,,88.12949640287769,12.949640287769784,31.294964028776977,,85.86956521739131,25.17985611510791,31.294964028776977,44.04332129963899,
4663bd23,53.956834532374096,14.028776978417264,2.18978102189781,40.28776978417266,5.39568345323741,31.294964028776977,,53.6231884057971,3.9568345323741028,31.294964028776977,,
df064e1a,2.877697841726619,19.06474820143885,3.64963503649635,3.237410071942446,2.158273381294964,31.294964028776977,,1.8115942028985472,1.0791366906474877,31.294964028776977,5.415162454873646,62.5
caf69bf7,6.83453237410072,71.22302158273382,13.138686131386862,5.755395683453238,2.5179856115107913,31.294964028776977,,5.434782608695656,6.474820143884898,31.294964028776977,41.87725631768953,7.720588235294118
11614d87,87.41007194244604,93.88489208633094,48.9051094890511,90.64748201438849,11.510791366906476,31.294964028776977,,87.31884057971014,68.70503597122303,31.294964028776977,,
b8527c3d,16.18705035971223,2.5179856115107913,16.78832116788321,6.83453237410072,6.474820143884892,31.294964028776977,,15.579710144927532,15.467625899280577,31.294964028776977,9.025270758122744,81.98529411764706
30e37810,90.64748201438849,21.223021582733814,4.014598540145985,52.87769784172662,11.510791366906476,31.294964028776977,,90.57971014492753,42.0863309352518,31.294964028776977,89.89169675090253,1.4705882352941175
d3a3e82d,31.654676258992804,12.949640287769784,0.7299270072992701,13.309352517985612,39.92805755395683,31.294964028776977,,31.159420289855078,6.474820143884898,31.294964028776977,19.133574007220215,1.1029411764705883
3d7e087f,3.597122302158273,8.633093525179856,4.014598540145985,3.237410071942446,3.9568345323741005,31.294964028776977,,2.898550724637687,2.517985611510781,31.294964028776977,0.36101083032490977,
96fd40ae,3.597122302158273,8.633093525179856,2.9197080291970803,4.676258992805756,3.9568345323741005,31.294964028776977,,2.536231884057969,2.8776978417266292,31.294964028776977,,
81049310,5.39568345323741,16.546762589928058,14.5985401459854,,11.510791366906476,31.294964028776977,,4.347826086956516,85.61151079136691,31.294964028776977,22.382671480144403,19.11764705882353
3b53243a,62.23021582733813,74.10071942446042,96.71532846715328,99.64028776978418,35.61151079136691,31.294964028776977,,61.95652173913043,68.70503597122303,31.294964028776977,7.9422382671480145,97.79411764705883
272d796e,80.57553956834532,2.5179856115107913,,38.489208633093526,17.985611510791365,31.294964028776977,,80.43478260869566,3.597122302158269,31.294964028776977,,
1be70c88,91.72661870503596,30.215827338129497,98.54014598540147,42.44604316546763,35.61151079136691,31.294964028776977,,91.66666666666667,75.53956834532374,31.294964028776977,16.24548736462094,97.79411764705883
16dfcc19,98.92086330935251,100.0,94.52554744525547,99.64028776978418,16.906474820143885,31.294964028776977,,98.91304347826087,27.33812949640287,31.294964028776977,,
7d3937ed,3.9568345323741005,28.41726618705036,,0.0,16.906474820143885,31.294964028776977,,3.2608695652173907,3.237410071942449,31.294964028776977,27.79783393501805,
9d80c5e1,1.079136690647482,2.5179856115107913,1.4598540145985401,1.4388489208633095,1.079136690647482,31.294964028776977,,0.0,0.7194244604316538,31.294964028776977,3.2490974729241873,11.76470588235294
f0f628c7,17.62589928057554,2.5179856115107913,8.75912408759124,47.84172661870504,4.316546762589928,31.294964028776977,,16.666666666666657,21.22302158273382,31.294964028776977,0.36101083032490977,
3ae3f034,98.92086330935251,83.81294964028777,31.386861313868614,99.64028776978418,5.755395683453238,31.294964028776977,,98.91304347826087,9.352517985611513,31.294964028776977,75.09025270758123,9.558823529411764
287686fd,90.64748201438849,2.5179856115107913,29.927007299270077,57.194244604316545,14.748201438848922,31.294964028776977,,90.57971014492753,56.47482014388489,31.294964028776977,69.31407942238266,10.661764705882353
57ee1fde,0.7194244604316548,2.5179856115107913,2.5547445255474455,1.079136690647482,2.877697841726619,31.294964028776977,,,1.4388489208633075,31.294964028776977,0.7220216606498195,98.16176470588235
2af1b6d2,73.02158273381295,30.215827338129497,28.832116788321166,57.194244604316545,91.36690647482014,31.294964028776977,,72.82608695652175,43.88489208633094,31.294964028776977,,
b2b50355,2.877697841726619,11.510791366906476,4.014598540145985,4.676258992805756,2.158273381294964,31.294964028776977,,2.173913043478265,3.237410071942449,31.294964028776977,2.166064981949458,98.16176470588235
69be866a,3.237410071942446,12.23021582733813,5.474452554744526,2.158273381294964,7.194244604316546,31.294964028776977,,2.173913043478265,11.870503597122308,31.294964028776977,3.6101083032490973,94.48529411764706
dfc4d8b5,3.9568345323741005,14.028776978417264,4.744525547445255,44.60431654676259,14.748201438848922,31.294964028776977,,3.2608695652173907,21.58273381294964,31.294964028776977,27.075812274368232,3.308823529411765
64d43928,26.978417266187048,23.381294964028775,12.043795620437956,78.77697841726618,14.748201438848922,31.294964028776977,,26.44927536231883,94.60431654676259,31.294964028776977,35.37906137184115,8.088235294117647
9f961c14,7.913669064748201,69.7841726618705,21.16788321167883,17.985611510791365,7.194244604316546,31.294964028776977,,7.246376811594203,85.61151079136691,31.294964028776977,0.36101083032490977,
f4f0fafd,4.316546762589928,2.5179856115107913,8.394160583941606,16.906474820143885,88.84892086330936,31.294964028776977,,3.6231884057971087,47.48201438848921,31.294964028776977,12.996389891696749,27.941176470588236
ba6b2f91,2.877697841726619,2.5179856115107913,24.817518248175183,0.0,14.388489208633093,31.294964028776977,,2.173913043478265,35.25179856115108,31.294964028776977,13.357400722021662,80.14705882352942
e2db2409,2.877697841726619,11.510791366906476,4.744525547445255,4.316546762589928,2.158273381294964,31.294964028776977,,2.173913043478265,3.9568345323741028,31.294964028776977,2.888086642599278,95.58823529411765
0c2730df,3.237410071942446,2.5179856115107913,4.744525547445255,4.316546762589928,14.388489208633093,31.294964028776977,,2.173913043478265,11.870503597122308,31.294964028776977,1.444043321299639,99.26470588235294
0fa5042b,83.81294964028777,19.424460431654676,,35.61151079136691,4.676258992805756,31.294964028776977,,83.69565217391305,0.3597122302158198,31.294964028776977,,
6b8eb6e5,11.151079136690647,2.5179856115107913,2.5547445255474455,6.474820143884892,6.474820143884892,31.294964028776977,,10.507246376811594,0.0,31.294964028776977,,
dbc50253,64.38848920863309,38.84892086330935,60.21897810218978,92.44604316546763,27.33812949640288,31.294964028776977,,64.13043478260869,98.92086330935251,31.294964028776977,5.415162454873646,98.52941176470588
66cf56a5,73.02158273381295,30.215827338129497,26.642335766423358,45.32374100719424,4.676258992805756,31.294964028776977,,72.82608695652175,25.899280575539578,31.294964028776977,58.844765342960294,14.705882352941178
21d4e29b,4.316546762589928,2.5179856115107913,9.124087591240876,6.474820143884892,6.115107913669065,31.294964028776977,,3.6231884057971087,21.94244604316546,31.294964028776977,6.137184115523466,93.38235294117648
acee4cc4,24.46043165467626,2.5179856115107913,7.2992700729927,3.237410071942446,6.115107913669065,31.294964028776977,,23.91304347826086,3.237410071942449,31.294964028776977,7.581227436823104,60.66176470588235
0264c10e,84.53237410071942,2.5179856115107913,37.95620437956204,96.76258992805755,25.899280575539567,31.294964028776977,,84.42028985507247,85.61151079136691,31.294964028776977,41.87725631768953,37.13235294117647
871e9faf,2.5179856115107913,17.62589928057554,7.2992700729927,13.309352517985612,82.37410071942446,31.294964028776977,,1.8115942028985472,35.97122302158273,31.294964028776977,6.4981949458483745,81.61764705882352
244048f6,5.39568345323741,2.5179856115107913,2.5547445255474455,1.079136690647482,2.877697841726619,31.294964028776977,,4.710144927536234,0.7194244604316538,31.294964028776977,69.31407942238266,1.1029411764705883
26ff4c29,22.66187050359712,23.381294964028775,16.78832116788321,37.05035971223021,11.510791366906476,31.294964028776977,,22.101449275362313,21.58273381294964,31.294964028776977,18.4115523465704,35.661764705882355
69d03465,1.079136690647482,23.381294964028775,12.043795620437956,1.7985611510791366,25.899280575539567,31.294964028776977,,0.36231884057971797,98.92086330935251,31.294964028776977,,
efc04be7,2.158273381294964,8.992805755395683,3.2846715328467155,6.115107913669065,1.4388489208633095,31.294964028776977,,1.0869565217391397,0.0,31.294964028776977,1.083032490974729,98.89705882352942
aedc3b7c,1.4388489208633095,2.5179856115107913,2.5547445255474455,0.3597122302158274,5.755395683453238,31.294964028776977,,0.7246376811594217,3.237410071942449,31.294964028776977,17.328519855595665,1.8382352941176472
3204c99f,16.906474820143885,64.74820143884892,7.2992700729927,45.32374100719424,2.5179856115107913,31.294964028776977,,15.94202898550725,3.597122302158269,31.294964028776977,16.24548736462094,13.970588235294118
5b7ab5a9,2.5179856115107913,2.5179856115107913,2.5547445255474455,1.7985611510791366,2.5179856115107913,31.294964028776977,,1.8115942028985472,2.517985611510781,31.294964028776977,0.36101083032490977,
64a4c383,5.39568345323741,2.5179856115107913,,6.115107913669065,25.539568345323744,31.294964028776977,,4.347826086956516,19.42446043165468,31.294964028776977,7.9422382671480145,
75de770f,14.748201438848922,2.5179856115107913,39.78102189781022,,11.510791366906476,31.294964028776977,,14.130434782608688,75.53956834532374,31.294964028776977,27.075812274368232,63.60294117647059
e5437608,98.92086330935251,2.5179856115107913,38.32116788321168,99.64028776978418,11.510791366906476,31.294964028776977,,98.91304347826087,9.712230215827333,31.294964028776977,,
d8d67045,3.9568345323741005,31.294964028776977,,,21.58273381294964,31.294964028776977,,3.2608695652173907,98.56115107913669,31.294964028776977,44.4043321299639,
c64c2443,41.007194244604314,2.5179856115107913,24.817518248175183,23.741007194244602,21.58273381294964,31.294964028776977,,40.21739130434783,43.88489208633094,31.294964028776977,12.996389891696749,82.72058823529412
6dbcf855,41.007194244604314,30.215827338129497,,,21.58273381294964,31.294964028776977,,40.21739130434783,6.474820143884898,31.294964028776977,81.2274368231047,
c8179c68,8.633093525179856,2.5179856115107913,7.2992700729927,,69.06474820143885,31.294964028776977,,7.608695652173907,47.12230215827338,31.294964028776977,,
b0946605,7.553956834532374,2.5179856115107913,5.474452554744526,5.755395683453238,63.66906474820144,31.294964028776977,,6.884057971014485,6.474820143884898,31.294964028776977,22.382671480144403,4.044117647058823
66b30f71,1.7985611510791366,2.5179856115107913,2.18978102189781,3.597122302158273,0.7194244604316548,31.294964028776977,,0.7246376811594217,2.1582733812949613,31.294964028776977,10.830324909747292,2.2058823529411766
db31895a,3.597122302158273,14.028776978417264,3.2846715328467155,4.316546762589928,2.5179856115107913,31.294964028776977,,2.898550724637687,0.7194244604316538,31.294964028776977,1.444043321299639,98.52941176470588
2d140b79,6.83453237410072,2.5179856115107913,,26.258992805755394,4.316546762589928,31.294964028776977,,5.434782608695656,3.237410071942449,31.294964028776977,10.830324909747292,
9fc0ef64,0.7194244604316548,2.5179856115107913,2.5547445255474455,1.4388489208633095,1.4388489208633095,31.294964028776977,,0.0,3.597122302158269,31.294964028776977,3.6101083032490973,62.5
6581d753,5.39568345323741,33.81294964028777,2.18978102189781,19.784172661870503,16.906474820143885,31.294964028776977,,4.347826086956516,30.2158273381295,31.294964028776977,94.22382671480143,0.3676470588235294
5673a3fc,1.7985611510791366,38.84892086330935,16.423357664233578,10.431654676258994,60.431654676258994,31.294964028776977,,1.0869565217391397,91.36690647482014,31.294964028776977,50.54151624548736,7.720588235294118
ad9c32a2,3.9568345323741005,30.215827338129497,,,60.431654676258994,31.294964028776977,,3.2608695652173907,43.88489208633094,31.294964028776977,25.63176895306859,
0a67aec0,98.92086330935251,98.56115107913669,63.503649635036496,94.60431654676259,6.115107913669065,31.294964028776977,,98.91304347826087,68.70503597122303,31.294964028776977,99.63898916967509,2.2058823529411766
881a9bdd,20.863309352517987,2.5179856115107913,,16.546762589928058,6.115107913669065,31.294964028776977,,20.289855072463766,2.8776978417266292,31.294964028776977,,
c33d8116,10.79136690647482,25.899280575539567,7.2992700729927,1.079136690647482,2.5179856115107913,31.294964028776977,,10.14492753623189,3.237410071942449,31.294964028776977,2.888086642599278,97.79411764705883
18e6906e,7.913669064748201,46.76258992805755,19.34306569343066,46.043165467625904,56.83453237410072,31.294964028776977,,7.246376811594203,100.0,31.294964028776977,,
350bb1b1,1.079136690647482,21.223021582733814,5.839416058394161,5.0359712230215825,4.316546762589928,31.294964028776977,,0.36231884057971797,16.18705035971223,31.294964028776977,7.581227436823104,39.338235294117645
b0f2baf4,31.654676258992804,42.44604316546763,21.16788321167883,52.87769784172662,15.467625899280577,31.294964028776977,,31.159420289855078,46.402877697841724,31.294964028776977,0.36101083032490977,
0d232ffd,25.899280575539567,38.84892086330935,17.51824817518248,71.94244604316546,14.748201438848922,31.294964028776977,,25.0,14.748201438848923,31.294964028776977,13.718411552346572,60.29411764705882
5d2eea49,14.748201438848922,30.215827338129497,5.474452554744526,6.474820143884892,1.4388489208633095,31.294964028776977,,14.130434782608688,3.9568345323741028,31.294964028776977,99.27797833935018,1.1029411764705883
ff1e12a0,3.597122302158273,74.10071942446042,0.7299270072992701,6.474820143884892,2.5179856115107913,31.294964028776977,,2.898550724637687,6.474820143884898,31.294964028776977,96.38989169675091,0.3676470588235294
5724e517,7.913669064748201,2.5179856115107913,,4.316546762589928,52.87769784172662,31.294964028776977,,7.246376811594203,3.597122302158269,31.294964028776977,6.137184115523466,
b274dbbd,98.92086330935251,98.56115107913669,96.71532846715328,,14.748201438848922,31.294964028776977,,98.91304347826087,24.100719424460422,31.294964028776977,,
edb3d4f8,7.553956834532374,89.20863309352518,7.2992700729927,10.431654676258994,5.755395683453238,31.294964028776977,,6.884057971014485,46.402877697841724,31.294964028776977,89.89169675090253,1.8382352941176472
81c08fa3,68.70503597122301,97.12230215827337,35.4014598540146,85.61151079136691,12.949640287769784,31.294964028776977,,68.47826086956522,6.474820143884898,31.294964028776977,,
ed5a5510,2.877697841726619,2.5179856115107913,2.5547445255474455,4.676258992805756,49.280575539568346,31.294964028776977,,2.173913043478265,5.75539568345323,31.294964028776977,12.996389891696749,2.5735294117647056
9868bc75,0.7194244604316548,2.5179856115107913,,2.877697841726619,5.755395683453238,31.294964028776977,,,97.4820143884892,31.294964028776977,14.440433212996389,
addfb70e,3.9568345323741005,30.215827338129497,4.014598540145985,7.913669064748201,5.755395683453238,31.294964028776977,,3.2608695652173907,25.899280575539578,31.294964028776977,37.545126353790614,2.2058823529411766
f663ef00,89.20863309352518,2.5179856115107913,,21.58273381294964,5.755395683453238,31.294964028776977,,89.13043478260869,1.0791366906474877,31.294964028776977,,
b4f5c2d9,1.079136690647482,2.5179856115107913,4.37956204379562,1.7985611510791366,3.597122302158273,31.294964028776977,,0.36231884057971797,8.27338129496404,31.294964028776977,3.6101083032490973,87.86764705882352
9948e262,5.39568345323741,2.5179856115107913,17.51824817518248,1.7985611510791366,11.510791366906476,31.294964028776977,,4.347826086956516,14.02877697841727,31.294964028776977,7.9422382671480145,85.66176470588235
1a2676c5,51.438848920863315,94.96402877697841,37.95620437956204,6.474820143884892,5.0359712230215825,31.294964028776977,,51.08695652173913,3.237410071942449,31.294964028776977,0.36101083032490977,
f708a0bc,1.7985611510791366,2.5179856115107913,8.394160583941606,13.309352517985612,5.0359712230215825,31.294964028776977,,1.0869565217391397,100.0,31.294964028776977,,
3c28853f,19.424460431654676,97.12230215827337,,64.74820143884892,44.24460431654676,31.294964028776977,,18.840579710144922,53.23741007194245,31.294964028776977,75.09025270758123,
249d60c9,68.70503597122301,65.82733812949641,24.817518248175183,66.90647482014388,11.510791366906476,31.294964028776977,,68.47826086956522,21.22302158273382,31.294964028776977,77.6173285198556,6.985294117647059
4885bbe6,68.70503597122301,97.12230215827337,63.503649635036496,83.45323741007195,3.597122302158273,31.294964028776977,,68.47826086956522,6.474820143884898,31.294964028776977,5.415162454873646,98.52941176470588
fb5f69e4,94.96402877697841,82.73381294964028,92.7007299270073,96.76258992805755,39.92805755395683,31.294964028776977,,94.92753623188406,99.28057553956835,31.294964028776977,5.415162454873646,98.89705882352942
ff1e68fa,3.597122302158273,2.5179856115107913,,2.877697841726619,5.0359712230215825,31.294964028776977,,2.898550724637687,3.237410071942449,31.294964028776977,7.581227436823104,
45c2196c,6.115107913669065,36.330935251798564,7.2992700729927,0.0,39.92805755395683,31.294964028776977,,5.072463768115938,9.352517985611513,31.294964028776977,,
4d7f517e,41.007194244604314,77.33812949640287,56.20437956204379,,,31.294964028776977,,40.21739130434783,100.0,31.294964028776977,,
57ca01b3,31.654676258992804,2.5179856115107913,0.36496350364963503,22.66187050359712,2.5179856115107913,31.294964028776977,,31.159420289855078,5.0359712230215905,31.294964028776977,2.888086642599278,0.3676470588235294
4ba44e19,1.079136690647482,2.5179856115107913,2.9197080291970803,1.7985611510791366,1.4388489208633095,31.294964028776977,,0.36231884057971797,3.237410071942449,31.294964028776977,,
5f4e9e8f,11.870503597122301,57.194244604316545,12.043795620437956,88.12949640287769,35.61151079136691,31.294964028776977,,10.869565217391312,85.61151079136691,31.294964028776977,,
dcf81436,1.079136690647482,2.5179856115107913,2.5547445255474455,1.079136690647482,2.5179856115107913,31.294964028776977,,0.36231884057971797,1.0791366906474877,31.294964028776977,,
b552a935,9.352517985611511,52.87769784172662,9.854014598540147,34.172661870503596,11.510791366906476,31.294964028776977,,8.695652173913047,27.33812949640287,31.294964028776977,,
2cdce1be,7.913669064748201,2.5179856115107913,3.2846715328467155,1.079136690647482,1.4388489208633095,31.294964028776977,,7.246376811594203,0.3597122302158198,31.294964028776977,2.166064981949458,97.79411764705883
5d1e7582,98.92086330935251,99.64028776978418,,99.64028776978418,35.61151079136691,31.294964028776977,,98.91304347826087,35.97122302158273,31.294964028776977,0.36101083032490977,
44afbf2d,70.86330935251799,2.5179856115107913,,11.151079136690647,4.676258992805756,31.294964028776977,,70.65217391304347,0.0,31.294964028776977,,
de4b0555,6.115107913669065,2.5179856115107913,5.109489051094891,6.474820143884892,31.294964028776977,31.294964028776977,,5.072463768115938,21.58273381294964,31.294964028776977,22.382671480144403,4.044117647058823
bae11797,60.07194244604317,2.5179856115107913,,24.820143884892087,31.294964028776977,31.294964028776977,,59.78260869565217,11.870503597122308,31.294964028776977,22.382671480144403,
6165bca6,1.7985611510791366,2.5179856115107913,0.36496350364963503,0.0,9.352517985611511,31.294964028776977,,1.0869565217391397,64.38848920863309,31.294964028776977,13.357400722021662,0.3676470588235294
4d5a1617,60.07194244604317,96.0431654676259,2.18978102189781,0.3597122302158274,4.316546762589928,31.294964028776977,,59.78260869565217,1.0791366906474877,31.294964028776977,0.36101083032490977,
c1e53c3f,16.546762589928058,2.5179856115107913,98.90510948905109,3.237410071942446,4.316546762589928,31.294964028776977,,15.94202898550725,2.517985611510781,31.294964028776977,22.382671480144403,97.05882352941177
9eb1455b,1.4388489208633095,31.294964028776977,9.854014598540147,1.079136690647482,2.5179856115107913,31.294964028776977,,0.7246376811594217,5.0359712230215905,31.294964028776977,0.36101083032490977,
03806cf8,1.079136690647482,2.5179856115107913,6.934306569343065,19.06474820143885,31.294964028776977,31.294964028776977,,0.36231884057971797,6.474820143884898,31.294964028776977,1.083032490974729,100.0
9f77963a,22.66187050359712,69.7841726618705,39.78102189781022,,31.294964028776977,31.294964028776977,,22.101449275362313,99.28057553956835,31.294964028776977,12.274368231046932,93.38235294117648
69762509,1.7985611510791366,2.5179856115107913,63.503649635036496,,31.294964028776977,31.294964028776977,,0.7246376811594217,85.61151079136691,31.294964028776977,7.9422382671480145,96.32352941176471
9a0146b3,41.007194244604314,77.33812949640287,37.591240875912405,,31.294964028776977,31.294964028776977,,40.21739130434783,94.60431654676259,31.294964028776977,,
441c72ae,5.39568345323741,2.5179856115107913,0.36496350364963503,4.316546762589928,31.294964028776977,31.294964028776977,,4.347826086956516,14.02877697841727,31.294964028776977,13.357400722021662,0.3676470588235294
c0c411cb,3.9568345323741005,2.5179856115107913,5.474452554744526,3.237410071942446,29.136690647482016,31.294964028776977,,3.2608695652173907,2.517985611510781,31.294964028776977,1.444043321299639,99.26470588235294
53fe6ee4,51.438848920863315,2.5179856115107913,,17.985611510791365,7.194244604316546,31.294964028776977,,51.08695652173913,6.474820143884898,31.294964028776977,18.4115523465704,
6821ac10,19.424460431654676,65.82733812949641,20.802919708029197,26.258992805755394,7.194244604316546,31.294964028776977,,18.840579710144922,21.22302158273382,31.294964028776977,12.274368231046932,80.88235294117648
c7a995d3,19.424460431654676,97.12230215827337,13.138686131386862,28.05755395683453,2.158273381294964,31.294964028776977,,18.840579710144922,6.474820143884898,31.294964028776977,,
2a72fd4f,94.96402877697841,2.5179856115107913,39.78102189781022,2.877697841726619,2.158273381294964,31.294964028776977,,94.92753623188406,30.2158273381295,31.294964028776977,,
75224f22,5.39568345323741,33.81294964028777,4.014598540145985,46.043165467625904,1.7985611510791366,31.294964028776977,,4.347826086956516,1.7985611510791415,31.294964028776977,,
9e7225b0,22.66187050359712,69.7841726618705,22.62773722627737,0.0,3.9568345323741005,31.294964028776977,,22.101449275362313,35.97122302158273,31.294964028776977,5.415162454873646,97.79411764705883
8998a68f,19.424460431654676,33.81294964028777,0.36496350364963503,18.345323741007196,7.194244604316546,31.294964028776977,,18.840579710144922,0.0,31.294964028776977,69.31407942238266,0.3676470588235294
44aac2f0,3.597122302158273,74.10071942446042,21.16788321167883,75.89928057553958,29.136690647482016,31.294964028776977,,2.898550724637687,100.0,31.294964028776977,,
25f7b7d6,7.913669064748201,46.76258992805755,,2.877697841726619,7.194244604316546,31.294964028776977,,7.246376811594203,3.597122302158269,31.294964028776977,,
6aed7e79,1.079136690647482,2.5179856115107913,0.7299270072992701,1.079136690647482,7.194244604316546,31.294964028776977,,0.36231884057971797,1.7985611510791415,31.294964028776977,7.581227436823104,1.8382352941176472
b0c772ee,97.48201438848922,86.33093525179856,,,29.136690647482016,31.294964028776977,,97.46376811594203,14.748201438848923,31.294964028776977,,
9170ff49,1.7985611510791366,2.5179856115107913,5.474452554744526,6.474820143884892,6.474820143884892,31.294964028776977,,1.0869565217391397,72.3021582733813,31.294964028776977,,
f24c6701,1.079136690647482,19.424460431654676,2.9197080291970803,1.4388489208633095,3.597122302158273,31.294964028776977,,0.36231884057971797,1.0791366906474877,31.294964028776977,0.36101083032490977,99.26470588235294
1ee08e9a,3.9568345323741005,2.5179856115107913,2.18978102189781,13.309352517985612,3.597122302158273,31.294964028776977,,3.2608695652173907,1.7985611510791415,31.294964028776977,7.581227436823104,2.5735294117647056
54e52590,2.877697841726619,65.82733812949641,8.394160583941606,62.589928057553955,5.755395683453238,31.294964028776977,,2.173913043478265,53.23741007194245,31.294964028776977,,
39ed0d2f,1.4388489208633095,2.5179856115107913,,13.309352517985612,2.877697841726619,31.294964028776977,,0.7246376811594217,8.992805755395679,31.294964028776977,6.4981949458483745,
6c6591ab,0.7194244604316548,2.5179856115107913,0.7299270072992701,0.3597122302158274,0.3597122302158274,31.294964028776977,,,0.3597122302158198,31.294964028776977,0.36101083032490977,
dd7e9b3b,1.7985611510791366,2.5179856115107913,,3.597122302158273,2.877697841726619,31.294964028776977,,1.0869565217391397,21.58273381294964,31.294964028776977,22.382671480144403,
cfad138c,0.7194244604316548,2.5179856115107913,4.014598540145985,6.474820143884892,2.877697841726619,31.294964028776977,,,39.92805755395683,31.294964028776977,2.888086642599278,96.32352941176471
611926bc,2.877697841726619,2.5179856115107913,19.34306569343066,,24.100719424460433,31.294964028776977,,2.173913043478265,21.22302158273382,31.294964028776977,13.357400722021662,75.0
26d76ad9,1.079136690647482,2.5179856115107913,,1.7985611510791366,5.39568345323741,31.294964028776977,,0.36231884057971797,3.9568345323741028,31.294964028776977,6.4981949458483745,
14f96089,1.7985611510791366,2.5179856115107913,2.5547445255474455,1.079136690647482,1.4388489208633095,31.294964028776977,,0.7246376811594217,6.474820143884898,31.294964028776977,6.4981949458483745,4.779411764705882
9601c534,41.007194244604314,77.33812949640287,,30.215827338129497,24.100719424460433,31.294964028776977,,40.21739130434783,1.7985611510791415,31.294964028776977,,
93a17209,0.7194244604316548,2.5179856115107913,2.5547445255474455,0.7194244604316548,5.39568345323741,31.294964028776977,,,5.39568345323741,31.294964028776977,2.888086642599278,85.66176470588235
f752db61,41.007194244604314,2.5179856115107913,14.963503649635038,,24.100719424460433,31.294964028776977,,40.21739130434783,94.60431654676259,31.294964028776977,,
ac5ae4af,64.38848920863309,86.33093525179856,27.37226277372263,0.3597122302158274,2.5179856115107913,31.294964028776977,,64.13043478260869,64.38848920863309,31.294964028776977,,
85e0cf10,1.079136690647482,2.5179856115107913,1.4598540145985401,1.7985611510791366,2.5179856115107913,31.294964028776977,,0.36231884057971797,2.1582733812949613,31.294964028776977,,
2eeb4370,45.32374100719424,2.5179856115107913,,,24.100719424460433,31.294964028776977,,44.927536231884055,0.3597122302158198,31.294964028776977,,
465aa633,11.870503597122301,94.96402877697841,47.08029197080292,1.7985611510791366,19.424460431654676,31.294964028776977,,10.869565217391312,100.0,31.294964028776977,,
35f173a0,51.438848920863315,82.73381294964028,,,19.424460431654676,31.294964028776977,,51.08695652173913,2.517985611510781,31.294964028776977,,
b52ffbbd,2.158273381294964,2.5179856115107913,5.474452554744526,13.309352517985612,5.0359712230215825,31.294964028776977,,1.4492753623188293,11.15107913669064,31.294964028776977,5.415162454873646,85.66176470588235
f21043a5,91.72661870503596,2.5179856115107913,,,5.0359712230215825,31.294964028776977,,91.66666666666667,1.7985611510791415,31.294964028776977,,
dce2019b,41.007194244604314,2.5179856115107913,16.05839416058394,26.258992805755394,5.0359712230215825,31.294964028776977,,40.21739130434783,43.88489208633094,31.294964028776977,0.36101083032490977,
7c3c0337,100.0,100.0,100.0,100.0,19.424460431654676,31.294964028776977,,100.0,99.28057553956835,31.294964028776977,100.0,4.044117647058823
f48cf4da,3.9568345323741005,2.5179856115107913,100.0,4.316546762589928,4.316546762589928,31.294964028776977,,3.2608695652173907,43.88489208633094,31.294964028776977,10.830324909747292,100.0
faa7365d,2.877697841726619,62.23021582733813,,4.316546762589928,4.316546762589928,31.294964028776977,,2.173913043478265,4.3165467625899225,31.294964028776977,11.191335740072201,
0a8fce53,1.7985611510791366,33.81294964028777,2.5547445255474455,0.0,4.316546762589928,31.294964028776977,,0.7246376811594217,0.3597122302158198,31.294964028776977,,
76388dc8,0.7194244604316548,2.5179856115107913,2.5547445255474455,1.079136690647482,0.7194244604316548,31.294964028776977,,,5.0359712230215905,31.294964028776977,6.137184115523466,9.926470588235293
25228673,90.64748201438849,2.5179856115107913,35.76642335766424,,4.316546762589928,31.294964028776977,,90.57971014492753,85.61151079136691,31.294964028776977,,
a9da7784,19.424460431654676,97.12230215827337,84.30656934306569,0.0,16.906474820143885,31.294964028776977,,18.840579710144922,53.23741007194245,31.294964028776977,0.36101083032490977,
afe3355a,5.39568345323741,2.5179856115107913,8.394160583941606,,,31.294964028776977,,4.347826086956516,85.61151079136691,31.294964028776977,,
f12fe2a1,22.66187050359712,2.5179856115107913,7.2992700729927,4.676258992805756,3.9568345323741005,31.294964028776977,,22.101449275362313,2.517985611510781,31.294964028776977,2.888086642599278,97.79411764705883
f6d8a7ab,2.877697841726619,2.5179856115107913,4.014598540145985,3.237410071942446,1.4388489208633095,31.294964028776977,,2.173913043478265,4.3165467625899225,31.294964028776977,5.415162454873646,78.30882352941177
1647bd37,2.877697841726619,2.5179856115107913,4.37956204379562,3.237410071942446,14.748201438848922,31.294964028776977,,2.173913043478265,4.3165467625899225,31.294964028776977,6.4981949458483745,60.29411764705882
7d92277a,22.66187050359712,2.5179856115107913,7.2992700729927,13.309352517985612,2.158273381294964,31.294964028776977,,22.101449275362313,2.517985611510781,31.294964028776977,2.888086642599278,97.79411764705883
27e71d47,11.870503597122301,94.96402877697841,24.817518248175183,57.194244604316545,,31.294964028776977,,10.869565217391312,85.61151079136691,31.294964028776977,,
bafd0398,2.158273381294964,2.5179856115107913,39.78102189781022,1.079136690647482,2.158273381294964,31.294964028776977,,1.4492753623188293,3.237410071942449,31.294964028776977,2.888086642599278,98.52941176470588
b2ae53f5,0.7194244604316548,2.5179856115107913,2.9197080291970803,1.7985611510791366,3.9568345323741005,31.294964028776977,,,6.474820143884898,31.294964028776977,,
cd8d2859,5.39568345323741,82.73381294964028,0.36496350364963503,13.309352517985612,3.9568345323741005,31.294964028776977,,4.347826086956516,30.2158273381295,31.294964028776977,33.57400722021661,0.3676470588235294
29d72eb2,64.38848920863309,2.5179856115107913,28.467153284671532,99.64028776978418,3.9568345323741005,31.294964028776977,,64.13043478260869,14.748201438848923,31.294964028776977,2.888086642599278,99.26470588235294
8d92a2c3,94.96402877697841,97.12230215827337,39.78102189781022,83.45323741007195,3.9568345323741005,31.294964028776977,,94.92753623188406,6.474820143884898,31.294964028776977,,
2e9fdf9b,11.870503597122301,2.5179856115107913,24.817518248175183,57.194244604316545,,31.294964028776977,,10.869565217391312,100.0,31.294964028776977,,
40caa465,2.158273381294964,52.87769784172662,2.5547445255474455,,1.7985611510791366,31.294964028776977,,1.4492753623188293,0.3597122302158198,31.294964028776977,,
0a4ebc61,2.877697841726619,65.82733812949641,,3.597122302158273,3.597122302158273,31.294964028776977,,2.173913043478265,0.3597122302158198,31.294964028776977,89.89169675090253,
20a941bb,11.870503597122301,2.5179856115107913,2.5547445255474455,0.0,11.510791366906476,31.294964028776977,,10.869565217391312,0.0,31.294964028776977,,
e0351c86,11.870503597122301,2.5179856115107913,19.34306569343066,73.7410071942446,11.510791366906476,31.294964028776977,,10.869565217391312,85.61151079136691,31.294964028776977,22.382671480144403,30.514705882352942
30df8c66,0.7194244604316548,2.5179856115107913,2.9197080291970803,2.877697841726619,1.4388489208633095,31.294964028776977,,,12.589928057553962,31.294964028776977,7.581227436823104,8.455882352941178
ef5da05c,3.597122302158273,2.5179856115107913,4.014598540145985,6.474820143884892,11.510791366906476,31.294964028776977,,2.898550724637687,6.474820143884898,31.294964028776977,,
e48a4814,0.7194244604316548,2.5179856115107913,1.4598540145985401,1.079136690647482,11.510791366906476,31.294964028776977,,,3.237410071942449,31.294964028776977,5.415162454873646,4.779411764705882
d7a57f75,0.7194244604316548,2.5179856115107913,4.014598540145985,,11.510791366906476,31.294964028776977,,,43.88489208633094,31.294964028776977,10.830324909747292,10.294117647058822
4c4fa80b,0.7194244604316548,2.5179856115107913,2.5547445255474455,4.316546762589928,11.510791366906476,31.294964028776977,,,11.870503597122308,31.294964028776977,,
1763bc6c,0.7194244604316548,2.5179856115107913,2.9197080291970803,,11.510791366906476,31.294964028776977,,,4.3165467625899225,31.294964028776977,6.4981949458483745,22.426470588235293
d8b2f218,0.7194244604316548,2.5179856115107913,4.014598540145985,3.237410071942446,11.510791366906476,31.294964028776977,,,68.70503597122303,31.294964028776977,,
2cffab74,0.7194244604316548,2.5179856115107913,2.5547445255474455,1.4388489208633095,11.510791366906476,31.294964028776977,,,19.42446043165468,31.294964028776977,,
7c3b3b78,0.7194244604316548,2.5179856115107913,2.18978102189781,0.0,0.3597122302158274,31.294964028776977,,,0.3597122302158198,31.294964028776977,0.36101083032490977,
78eb4223,11.870503597122301,2.5179856115107913,4.014598540145985,22.66187050359712,11.510791366906476,31.294964028776977,,10.869565217391312,85.61151079136691,31.294964028776977,99.63898916967509,0.3676470588235294
5748e866,0.7194244604316548,2.5179856115107913,,1.079136690647482,2.5179856115107913,31.294964028776977,,,1.7985611510791415,31.294964028776977,,
dec8e038,5.39568345323741,2.5179856115107913,5.474452554744526,7.194244604316546,2.5179856115107913,31.294964028776977,,4.347826086956516,30.2158273381295,31.294964028776977,,
a343262c,3.597122302158273,2.5179856115107913,,2.877697841726619,11.510791366906476,31.294964028776977,,2.898550724637687,4.3165467625899225,31.294964028776977,,
b63e358a,0.7194244604316548,2.5179856115107913,0.36496350364963503,0.3597122302158274,0.3597122302158274,31.294964028776977,,,0.0,31.294964028776977,6.137184115523466,0.3676470588235294
65b6943c,99.28057553956835,100.0,100.0,100.0,,31.294964028776977,,99.27536231884058,100.0,31.294964028776977,,
63bff7f9,0.7194244604316548,2.5179856115107913,2.5547445255474455,0.7194244604316548,,31.294964028776977,,,6.474820143884898,31.294964028776977,,
b69e69ed,7.913669064748201,2.5179856115107913,,7.194244604316546,7.194244604316546,31.294964028776977,,7.246376811594203,35.97122302158273,31.294964028776977,16.60649819494585,
c96f6ac5,6.83453237410072,2.5179856115107913,8.394160583941606,,7.194244604316546,31.294964028776977,,5.434782608695656,14.748201438848923,31.294964028776977,0.36101083032490977,
94eac556,0.7194244604316548,2.5179856115107913,,,5.755395683453238,31.294964028776977,,,4.3165467625899225,31.294964028776977,6.137184115523466,
8ac93ca2,99.28057553956835,2.5179856115107913,,57.194244604316545,5.755395683453238,31.294964028776977,,99.27536231884058,0.3597122302158198,31.294964028776977,69.31407942238266,
d1c94b25,11.870503597122301,94.96402877697841,31.386861313868614,6.474820143884892,2.158273381294964,31.294964028776977,,10.869565217391312,0.3597122302158198,31.294964028776977,2.166064981949458,100.0
107c26fb,100.0,2.5179856115107913,100.0,100.0,,31.294964028776977,,100.0,100.0,31.294964028776977,,
99ed60f8,51.438848920863315,99.64028776978418,24.817518248175183,,5.755395683453238,31.294964028776977,,51.08695652173913,6.474820143884898,31.294964028776977,,
d7b3a420,0.7194244604316548,2.5179856115107913,4.014598540145985,1.7985611510791366,5.755395683453238,31.294964028776977,,,14.748201438848923,31.294964028776977,5.415162454873646,79.04411764705883
765a4731,19.424460431654676,2.5179856115107913,8.394160583941606,13.309352517985612,5.755395683453238,31.294964028776977,,18.840579710144922,6.474820143884898,31.294964028776977,22.382671480144403,8.455882352941178
a76d10ba,0.7194244604316548,2.5179856115107913,5.474452554744526,3.237410071942446,5.755395683453238,31.294964028776977,,,14.748201438848923,31.294964028776977,5.415162454873646,87.86764705882352
245c97cb,3.597122302158273,74.10071942446042,2.9197080291970803,3.237410071942446,0.3597122302158274,31.294964028776977,,2.898550724637687,0.0,31.294964028776977,2.888086642599278,84.92647058823529
83c3e8e3,5.39568345323741,2.5179856115107913,4.014598540145985,3.237410071942446,5.755395683453238,31.294964028776977,,4.347826086956516,2.517985611510781,31.294964028776977,2.888086642599278,96.69117647058823
529eb9e0,80.57553956834532,99.64028776978418,54.379562043795616,,5.755395683453238,31.294964028776977,,80.43478260869566,35.97122302158273,31.294964028776977,,
4bd09374,0.7194244604316548,2.5179856115107913,2.9197080291970803,1.079136690647482,,31.294964028776977,,,6.474820143884898,31.294964028776977,2.888086642599278,84.92647058823529
f18ba07f,11.870503597122301,94.96402877697841,4.014598540145985,,1.7985611510791366,31.294964028776977,,10.869565217391312,0.0,31.294964028776977,,
5f26df4f,31.654676258992804,2.5179856115107913,8.394160583941606,1.079136690647482,5.0359712230215825,31.294964028776977,,31.159420289855078,24.100719424460422,31.294964028776977,,
60aa2db3,0.7194244604316548,2.5179856115107913,19.34306569343066,6.474820143884892,1.7985611510791366,31.294964028776977,,,53.23741007194245,31.294964028776977,22.382671480144403,30.514705882352942
91b9300b,3.597122302158273,2.5179856115107913,,1.079136690647482,5.0359712230215825,31.294964028776977,,2.898550724637687,0.0,31.294964028776977,1.444043321299639,
03a83c50,0.7194244604316548,2.5179856115107913,31.386861313868614,,,31.294964028776977,,,100.0,31.294964028776977,,
5750bcb4,0.7194244604316548,2.5179856115107913,1.4598540145985401,1.079136690647482,5.0359712230215825,31.294964028776977,,,2.517985611510781,31.294964028776977,2.166064981949458,92.27941176470588
e84ac20c,7.913669064748201,2.5179856115107913,0.7299270072992701,2.877697841726619,1.7985611510791366,31.294964028776977,,7.246376811594203,2.517985611510781,31.294964028776977,22.382671480144403,1.1029411764705883
641ac5ff,0.7194244604316548,2.5179856115107913,2.18978102189781,,1.7985611510791366,31.294964028776977,,,2.517985611510781,31.294964028776977,2.166064981949458,89.33823529411765
e32d22f6,0.7194244604316548,2.5179856115107913,2.5547445255474455,1.7985611510791366,1.7985611510791366,31.294964028776977,,,6.474820143884898,31.294964028776977,,
943fd425,94.96402877697841,2.5179856115107913,72.62773722627736,,,31.294964028776977,,94.92753623188406,100.0,31.294964028776977,,
7023d182,19.424460431654676,2.5179856115107913,,0.0,1.7985611510791366,31.294964028776977,,18.840579710144922,1.7985611510791415,31.294964028776977,0.36101083032490977,
4933f499,0.7194244604316548,2.5179856115107913,2.9197080291970803,2.877697841726619,,31.294964028776977,,,85.61151079136691,31.294964028776977,,
ada15e88,0.7194244604316548,2.5179856115107913,,,3.9568345323741005,31.294964028776977,,,6.474820143884898,31.294964028776977,5.415162454873646,
670709ec,0.7194244604316548,2.5179856115107913,0.36496350364963503,1.079136690647482,1.4388489208633095,31.294964028776977,,,3.237410071942449,31.294964028776977,3.6101083032490973,0.3676470588235294
14b14cd8,80.57553956834532,2.5179856115107913,17.51824817518248,40.28776978417266,,31.294964028776977,,80.43478260869566,35.97122302158273,31.294964028776977,,
6c79c098,0.7194244604316548,2.5179856115107913,17.51824817518248,,,31.294964028776977,,,100.0,31.294964028776977,,
dc4686e6,31.654676258992804,98.56115107913669,5.474452554744526,0.0,3.9568345323741005,31.294964028776977,,31.159420289855078,0.0,31.294964028776977,,
5f5d3ad4,31.654676258992804,2.5179856115107913,,6.115107913669065,3.9568345323741005,31.294964028776977,,31.159420289855078,3.237410071942449,31.294964028776977,13.718411552346572,
6834d1f2,100.0,2.5179856115107913,98.90510948905109,100.0,,31.294964028776977,,100.0,100.0,31.294964028776977,,
b2a79f17,0.7194244604316548,2.5179856115107913,0.36496350364963503,0.3597122302158274,0.3597122302158274,31.294964028776977,,,1.7985611510791415,31.294964028776977,3.2490974729241873,3.308823529411765
b1ad996b,80.57553956834532,2.5179856115107913,8.394160583941606,13.309352517985612,2.5179856115107913,31.294964028776977,,80.43478260869566,2.517985611510781,31.294964028776977,,
2049f3a0,0.7194244604316548,2.5179856115107913,8.394160583941606,0.0,2.5179856115107913,31.294964028776977,,,100.0,31.294964028776977,,
6f49cc6e,99.28057553956835,2.5179856115107913,63.503649635036496,,2.5179856115107913,31.294964028776977,,99.27536231884058,85.61151079136691,31.294964028776977,,
1a0c3177,0.7194244604316548,2.5179856115107913,0.36496350364963503,0.0,0.3597122302158274,31.294964028776977,,,1.0791366906474877,31.294964028776977,,
469ea22b,99.28057553956835,2.5179856115107913,63.503649635036496,92.44604316546763,,31.294964028776977,,99.27536231884058,85.61151079136691,31.294964028776977,,
280fff14,31.654676258992804,2.5179856115107913,4.014598540145985,3.237410071942446,,31.294964028776977,,31.159420289855078,0.0,31.294964028776977,,
80b2fb19,0.7194244604316548,2.5179856115107913,1.4598540145985401,1.079136690647482,,31.294964028776977,,,3.597122302158269,31.294964028776977,,
e9c7f0d0,0.7194244604316548,2.5179856115107913,0.36496350364963503,0.3597122302158274,,31.294964028776977,,,0.3597122302158198,31.294964028776977,,
11061889,100.0,2.5179856115107913,92.7007299270073,99.64028776978418,,31.294964028776977,,100.0,6.474820143884898,31.294964028776977,,
0404d43c,94.96402877697841,2.5179856115107913,,,2.158273381294964,31.294964028776977,,94.92753623188406,0.0,31.294964028776977,,
c404f58a,0.7194244604316548,2.5179856115107913,0.36496350364963503,0.3597122302158274,2.158273381294964,31.294964028776977,,,0.0,31.294964028776977,5.415162454873646,1.1029411764705883
99b202b3,0.7194244604316548,2.5179856115107913,2.5547445255474455,,,31.294964028776977,,,24.100719424460422,31.294964028776977,,
f834dcfc,0.7194244604316548,2.5179856115107913,1.094890510948905,0.3597122302158274,0.3597122302158274,31.294964028776977,,,0.3597122302158198,31.294964028776977,,
342d8ade,0.7194244604316548,2.5179856115107913,24.817518248175183,57.194244604316545,,31.294964028776977,,,100.0,31.294964028776977,,
ee7d0c82,80.57553956834532,2.5179856115107913,4.37956204379562,4.676258992805756,2.158273381294964,31.294964028776977,,80.43478260869566,0.0,31.294964028776977,,
a7c226e1,0.7194244604316548,2.5179856115107913,4.37956204379562,,2.158273381294964,31.294964028776977,,,2.517985611510781,31.294964028776977,,
5b16a806,0.7194244604316548,2.5179856115107913,4.37956204379562,,,31.294964028776977,,,35.97122302158273,31.294964028776977,,
a3ecf01f,100.0,2.5179856115107913,92.7007299270073,99.64028776978418,,31.294964028776977,,100.0,6.474820143884898,31.294964028776977,,
aa5d8c9e,19.424460431654676,2.5179856115107913,,1.079136690647482,2.158273381294964,31.294964028776977,,18.840579710144922,0.0,31.294964028776977,,
ce794613,0.7194244604316548,2.5179856115107913,2.5547445255474455,1.7985611510791366,,31.294964028776977,,,24.100719424460422,31.294964028776977,,
7210d461,0.7194244604316548,2.5179856115107913,2.18978102189781,1.079136690647482,0.3597122302158274,31.294964028776977,,,0.3597122302158198,31.294964028776977,0.36101083032490977,
fdcb08c2,0.7194244604316548,2.5179856115107913,2.5547445255474455,0.0,2.158273381294964,31.294964028776977,,,24.100719424460422,31.294964028776977,,
548516a6,100.0,2.5179856115107913,,,2.158273381294964,31.294964028776977,,100.0,6.474820143884898,31.294964028776977,99.27797833935018,
034b4b7d,99.28057553956835,2.5179856115107913,24.817518248175183,0.0,0.3597122302158274,31.294964028776977,,99.27536231884058,0.3597122302158198,31.294964028776977,,
4180d897,0.7194244604316548,2.5179856115107913,8.394160583941606,99.64028776978418,1.4388489208633095,31.294964028776977,,,85.61151079136691,31.294964028776977,,
ece7b6b3,0.7194244604316548,2.5179856115107913,0.36496350364963503,0.3597122302158274,1.4388489208633095,31.294964028776977,,,0.0,31.294964028776977,2.888086642599278,0.3676470588235294
33cb3411,0.7194244604316548,2.5179856115107913,,0.7194244604316548,1.4388489208633095,31.294964028776977,,,3.237410071942449,31.294964028776977,,
8db7f47f,0.7194244604316548,2.5179856115107913,2.18978102189781,1.079136690647482,,31.294964028776977,,,6.474820143884898,31.294964028776977,,
6ef60d3a,0.7194244604316548,2.5179856115107913,0.36496350364963503,1.7985611510791366,1.4388489208633095,31.294964028776977,,,2.517985611510781,31.294964028776977,10.830324909747292,0.3676470588235294
e03b66ec,0.7194244604316548,2.5179856115107913,0.36496350364963503,1.079136690647482,0.3597122302158274,31.294964028776977,,,6.474820143884898,31.294964028776977,7.581227436823104,1.4705882352941175
94bc776b,0.7194244604316548,2.5179856115107913,0.7299270072992701,,1.4388489208633095,31.294964028776977,,,1.7985611510791415,31.294964028776977,,
c24a2c5d,0.7194244604316548,2.5179856115107913,4.014598540145985,4.316546762589928,1.4388489208633095,31.294964028776977,,,99.28057553956835,31.294964028776977,,
13fc5c6d,0.7194244604316548,2.5179856115107913,0.7299270072992701,1.7985611510791366,1.4388489208633095,31.294964028776977,,,1.7985611510791415,31.294964028776977,,
ce4cc4d5,0.7194244604316548,2.5179856115107913,2.18978102189781,1.079136690647482,1.4388489208633095,31.294964028776977,,,6.474820143884898,31.294964028776977,,
ea0cdc12,0.7194244604316548,2.5179856115107913,2.18978102189781,0.3597122302158274,0.3597122302158274,31.294964028776977,,,6.474820143884898,31.294964028776977,,
a316d663,0.7194244604316548,2.5179856115107913,0.7299270072992701,0.0,0.3597122302158274,31.294964028776977,,,0.0,31.294964028776977,,
9e6032fa,0.7194244604316548,2.5179856115107913,,0.0,0.0,31.294964028776977,,,2.517985611510781,31.294964028776977,,
a2f46292,0.7194244604316548,2.5179856115107913,0.36496350364963503,0.0,0.0,31.294964028776977,,,0.0,31.294964028776977,,
9ca68676,0.7194244604316548,2.5179856115107913,2.9197080291970803,2.877697841726619,,31.294964028776977,,,85.61151079136691,31.294964028776977,,
dddca1d6,0.7194244604316548,2.5179856115107913,2.9197080291970803,0.0,0.0,31.294964028776977,,,0.3597122302158198,31.294964028776977,,
133bbd61,0.7194244604316548,2.5179856115107913,2.18978102189781,13.309352517985612,,31.294964028776977,,,6.474820143884898,31.294964028776977,,
10a91f35,0.7194244604316548,2.5179856115107913,0.36496350364963503,,0.3597122302158274,31.294964028776977,,,0.0,31.294964028776977,2.888086642599278,0.3676470588235294
e1d9ae9c,0.7194244604316548,2.5179856115107913,2.9197080291970803,,,31.294964028776977,,,85.61151079136691,31.294964028776977,,
402f8494,0.7194244604316548,2.5179856115107913,8.394160583941606,,,31.294964028776977,,,6.474820143884898,31.294964028776977,,
c2dd89ea,0.7194244604316548,2.5179856115107913,,0.3597122302158274,0.3597122302158274,31.294964028776977,,,2.517985611510781,31.294964028776977,2.888086642599278,
be869ccf,0.7194244604316548,2.5179856115107913,2.18978102189781,2.877697841726619,0.3597122302158274,31.294964028776977,,,6.474820143884898,31.294964028776977,,
b2b23612,0.7194244604316548,2.5179856115107913,8.394160583941606,,,31.294964028776977,,,100.0,31.294964028776977,,
a03bba42,0.7194244604316548,2.5179856115107913,2.18978102189781,1.079136690647482,,31.294964028776977,,,6.474820143884898,31.294964028776977,,
0ed0cdbf,0.7194244604316548,2.5179856115107913,0.7299270072992701,0.3597122302158274,0.3597122302158274,31.294964028776977,,,2.517985611510781,31.294964028776977,,
2bb09eb2,0.7194244604316548,2.5179856115107913,,,0.3597122302158274,31.294964028776977,,,0.0,31.294964028776977,,
9ff100a6,0.7194244604316548,2.5179856115107913,,0.0,0.3597122302158274,31.294964028776977,,,0.0,31.294964028776977,2.166064981949458,
38f2c66c,0.7194244604316548,2.5179856115107913,8.394160583941606,13.309352517985612,0.3597122302158274,31.294964028776977,,,6.474820143884898,31.294964028776977,,
5b040b81,0.7194244604316548,2.5179856115107913,0.36496350364963503,0.0,0.0,31.294964028776977,,,0.0,31.294964028776977,0.36101083032490977,
f5f18a18,0.7194244604316548,2.5179856115107913,2.18978102189781,1.079136690647482,0.3597122302158274,31.294964028776977,,,0.0,31.294964028776977,,
e186f49c,0.7194244604316548,2.5179856115107913,8.394160583941606,,,31.294964028776977,,,6.474820143884898,31.294964028776977,,
d92e42f5,0.7194244604316548,2.5179856115107913,2.18978102189781,2.877697841726619,0.3597122302158274,31.294964028776977,,,6.474820143884898,31.294964028776977,,
d4eef961,0.7194244604316548,2.5179856115107913,2.18978102189781,,0.0,31.294964028776977,,,6.474820143884898,31.294964028776977,,
025c4400,0.7194244604316548,2.5179856115107913,2.18978102189781,,0.0,31.294964028776977,,,6.474820143884898,31.294964028776977,,
4f629497,0.7194244604316548,2.5179856115107913,,1.079136690647482,0.0,31.294964028776977,,,6.474820143884898,31.294964028776977,5.415162454873646,
a1d95bd8,0.7194244604316548,2.5179856115107913,2.18978102189781,,,31.294964028776977,,,6.474820143884898,31.294964028776977,,
c27b5a0e,0.7194244604316548,2.5179856115107913,8.394160583941606,,,31.294964028776977,,,100.0,31.294964028776977,,
0b60eb09,0.7194244604316548,2.5179856115107913,2.18978102189781,1.079136690647482,0.0,31.294964028776977,,,6.474820143884898,31.294964028776977,,
9a963804,0.7194244604316548,2.5179856115107913,0.36496350364963503,0.0,0.0,31.294964028776977,,,0.3597122302158198,31.294964028776977,,
6042bf26,0.7194244604316548,2.5179856115107913,8.394160583941606,,,31.294964028776977,,,100.0,31.294964028776977,,
9d704f6f,0.7194244604316548,2.5179856115107913,8.394160583941606,13.309352517985612,,31.294964028776977,,,100.0,31.294964028776977,,
cc777ffa,0.7194244604316548,2.5179856115107913,8.394160583941606,13.309352517985612,,31.294964028776977,,,100.0,31.294964028776977,,
9a5f2863,0.7194244604316548,2.5179856115107913,2.18978102189781,,,31.294964028776977,,,6.474820143884898,31.294964028776977,,
b56dc5f7,0.7194244604316548,2.5179856115107913,0.36496350364963503,,0.0,31.294964028776977,,,0.3597122302158198,31.294964028776977,,
2c76b512,0.7194244604316548,2.5179856115107913,0.36496350364963503,,0.0,31.294964028776977,,,0.3597122302158198,31.294964028776977,,
e96801ea,0.7194244604316548,2.5179856115107913,,,0.0,31.294964028776977,,,0.0,31.294964028776977,2.166064981949458,
50c09020,0.7194244604316548,2.5179856115107913,0.36496350364963503,0.0,,31.294964028776977,,,0.0,31.294964028776977,2.888086642599278,0.3676470588235294
d45c29b1,0.7194244604316548,2.5179856115107913,0.36496350364963503,0.0,,31.294964028776977,,,0.0,31.294964028776977,,
8a668774,0.7194244604316548,2.5179856115107913,0.36496350364963503,0.3597122302158274,0.0,31.294964028776977,,,0.0,31.294964028776977,5.415162454873646,0.3676470588235294
92500ad5,0.7194244604316548,2.5179856115107913,0.36496350364963503,,,31.294964028776977,,,0.3597122302158198,31.294964028776977,,
0c432afb,0.7194244604316548,2.5179856115107913,2.18978102189781,0.0,,31.294964028776977,,,6.474820143884898,31.294964028776977,,
e412cb64,0.7194244604316548,2.5179856115107913,0.36496350364963503,,,31.294964028776977,,,0.0,31.294964028776977,,
4b4d1957,0.7194244604316548,2.5179856115107913,2.18978102189781,1.079136690647482,,31.294964028776977,,,6.474820143884898,31.294964028776977,,
acd4f5dc,0.7194244604316548,2.5179856115107913,8.394160583941606,13.309352517985612,,31.294964028776977,,,100.0,31.294964028776977,,
1da489ff,0.7194244604316548,2.5179856115107913,0.36496350364963503,0.0,0.0,31.294964028776977,,,0.0,31.294964028776977,,
cfa4bd2b,0.7194244604316548,2.5179856115107913,0.36496350364963503,,,31.294964028776977,,,0.0,31.294964028776977,,
b410bd3d,0.7194244604316548,2.5179856115107913,0.36496350364963503,0.0,0.0,31.294964028776977,,,0.0,31.294964028776977,,
2e78f685,0.7194244604316548,2.5179856115107913,0.36496350364963503,0.0,,31.294964028776977,,,0.0,31.294964028776977,,
a1d053dd,0.7194244604316548,2.5179856115107913,0.36496350364963503,0.0,0.0,31.294964028776977,,,0.0,31.294964028776977,,
030f3089,0.7194244604316548,2.5179856115107913,0.36496350364963503,,,31.294964028776977,,,0.0,31.294964028776977,,
bdadf7da,0.7194244604316548,2.5179856115107913,,,0.0,31.294964028776977,,,0.0,31.294964028776977,,
f2c936d7,0.7194244604316548,2.5179856115107913,,,0.0,31.294964028776977,,,0.0,31.294964028776977,,
64775749,0.7194244604316548,2.5179856115107913,0.36496350364963503,0.0,,31.294964028776977,,,0.0,31.294964028776977,,
33ffc3dd,0.7194244604316548,2.5179856115107913,0.36496350364963503,0.0,0.0,31.294964028776977,,,0.0,31.294964028776977,,
fb693839,0.7194244604316548,2.5179856115107913,0.36496350364963503,0.0,0.0,31.294964028776977,,,0.0,31.294964028776977,0.36101083032490977,
4353bba5,0.7194244604316548,2.5179856115107913,0.36496350364963503,,,31.294964028776977,,,0.0,31.294964028776977,,
f24ca2ba,0.7194244604316548,2.5179856115107913,0.36496350364963503,0.0,0.0,31.294964028776977,,,0.0,31.294964028776977,,
8b9704ae,0.7194244604316548,2.5179856115107913,0.36496350364963503,0.0,,31.294964028776977,,,0.0,31.294964028776977,,
6ec424a9,0.7194244604316548,2.5179856115107913,0.36496350364963503,,0.0,31.294964028776977,,,0.0,31.294964028776977,,
888e32bf,0.7194244604316548,2.5179856115107913,0.36496350364963503,0.0,,31.294964028776977,,,0.0,31.294964028776977,,
622cc511,0.7194244604316548,2.5179856115107913,0.36496350364963503,0.0,,31.294964028776977,,,0.0,31.294964028776977,,
7d3720ba,0.7194244604316548,2.5179856115107913,0.36496350364963503,,0.0,31.294964028776977,,,0.0,31.294964028776977,,
d718440b,0.7194244604316548,2.5179856115107913,0.36496350364963503,,0.0,31.294964028776977,,,0.0,31.294964028776977,,
d621b427,0.7194244604316548,2.5179856115107913,,,0.0,31.294964028776977,,,0.0,31.294964028776977,0.36101083032490977,
e3851766,0.7194244604316548,2.5179856115107913,,0.0,0.0,31.294964028776977,,,0.0,31.294964028776977,,
ee3dfa89,0.7194244604316548,2.5179856115107913,0.36496350364963503,0.0,0.0,31.294964028776977,,,0.0,31.294964028776977,,
a457cfb5,0.7194244604316548,2.5179856115107913,0.36496350364963503,0.0,0.0,31.294964028776977,,,0.0,31.294964028776977,,
e0407c01,0.7194244604316548,2.5179856115107913,0.36496350364963503,0.0,0.0,31.294964028776977,,,0.0,31.294964028776977,,
798cc28e,0.7194244604316548,2.5179856115107913,,0.0,0.0,31.294964028776977,,,0.0,31.294964028776977,0.36101083032490977,
2503e881,,,,,0.0,,,,,,,
